ZEIT;RAUMID;BEZ;PGR;BZR;PLR;STADTRAUM;MH_E;MH_EM;MH_EW;MH_E00_01;MH_E01_02;MH_E02_03;MH_E03_05;MH_E05_06;MH_E06_07;MH_E07_08;MH_E08_10;MH_E10_12;MH_E12_14;MH_E14_15;MH_E15_18;MH_E18_21;MH_E21_25;MH_E25_27;MH_E27_30;MH_E30_35;MH_E35_40;MH_E40_45;MH_E45_50;MH_E50_55;MH_E55_60;MH_E60_63;MH_E63_65;MH_E65_67;MH_E67_70;MH_E70_75;MH_E75_80;MH_E80_85;MH_E85_90;MH_E90_95;MH_E95_110;MH_U1;MH_1U6;MH_6U15;MH_15U18;MH_18U25;MH_25U55;MH_55U65;MH_65U80;MH_80U110
202012;01011101;01;01;11;01;1;2049;1067;982;16;22;24;46;21;19;21;24;34;17;3;25;46;141;146;219;290;177;165;113;101;88;48;31;18;38;60;53;28;15;0;0;16;113;118;25;187;1211;167;169;43
202012;01011102;01;01;11;02;1;90;59;31;0;0;3;3;0;0;0;0;0;0;3;4;0;6;6;13;26;7;7;3;3;3;0;0;0;3;0;0;0;0;0;0;0;6;3;4;6;65;3;3;0
202012;01011103;01;01;11;03;1;3041;1592;1449;24;40;46;73;28;27;33;50;53;51;34;84;65;187;130;198;321;286;239;186;182;167;103;65;78;62;92;42;58;23;9;5;24;187;248;84;252;1542;335;274;95
202012;01011104;01;01;11;04;1;2994;1635;1359;31;39;18;65;37;38;27;75;86;66;44;96;89;241;175;260;328;262;222;196;146;163;71;27;37;52;42;25;12;12;9;3;31;159;336;96;330;1589;261;156;36
202012;01011105;01;01;11;05;1;1109;590;519;13;13;6;27;20;18;6;32;16;10;3;34;21;50;39;57;179;138;105;83;80;55;25;19;10;13;14;7;7;6;3;0;13;66;85;34;71;681;99;44;16
202012;01011201;01;01;12;01;1;1593;847;746;3;19;18;34;22;9;16;31;31;22;12;39;54;106;65;125;213;176;115;123;86;69;29;27;27;31;38;28;16;6;3;0;3;93;121;39;160;903;125;124;25
202012;01011202;01;01;12;02;1;316;157;159;6;6;6;12;3;3;6;4;7;0;0;13;7;13;6;31;28;50;36;27;18;6;10;6;0;3;6;3;0;0;0;0;6;27;20;13;20;196;22;12;0
202012;01011203;01;01;12;03;1;630;317;313;11;3;6;18;10;16;3;16;17;12;13;13;3;23;10;38;99;90;69;33;52;32;6;3;7;6;12;0;3;0;3;3;11;37;77;13;26;391;41;25;9
202012;01011204;01;01;12;04;1;4291;2150;2141;47;68;74;122;61;45;46;85;72;75;26;100;85;176;183;311;676;533;338;253;221;199;103;56;56;41;117;47;32;21;22;0;47;325;349;100;261;2515;358;261;75
202012;01011301;01;01;13;01;1;3077;1571;1506;37;54;58;77;34;35;22;52;42;33;26;44;43;140;148;278;604;434;286;215;133;83;41;29;16;48;33;23;9;0;0;0;37;223;210;44;183;2098;153;120;9
202012;01011302;01;01;13;02;1;5060;2557;2503;54;73;89;134;55;59;45;118;91;133;58;141;79;208;187;405;755;633;517;391;311;217;76;49;22;31;56;40;21;6;6;0;54;351;504;141;287;3199;342;149;33
202012;01011303;01;01;13;03;1;4845;2554;2291;47;60;66;127;43;46;49;76;77;82;40;75;84;287;269;517;840;630;416;271;233;172;71;48;29;57;55;28;31;16;3;0;47;296;370;75;371;3176;291;169;50
202012;01011304;01;01;13;04;1;4134;2036;2098;47;62;69;146;64;73;61;112;92;105;46;153;149;255;178;360;495;371;321;188;195;161;80;41;51;55;58;62;41;30;13;0;47;341;489;153;404;2108;282;226;84
202012;01011305;01;01;13;05;1;4188;2213;1975;69;77;66;129;57;45;45;76;69;61;25;74;83;195;156;392;723;556;322;257;238;143;65;33;32;35;56;62;27;17;3;0;69;329;321;74;278;2644;241;185;47
202012;01011306;01;01;13;06;1;4967;2522;2445;59;73;74;141;47;49;33;98;74;51;42;89;188;629;274;401;654;604;389;292;201;187;65;34;53;39;47;40;28;12;0;0;59;335;347;89;817;2815;286;179;40
202012;01011401;01;01;14;01;1;7829;3872;3957;122;115;114;239;116;87;84;196;156;139;60;160;127;357;305;710;1473;1091;728;564;362;198;83;42;25;28;65;46;31;6;0;0;122;584;722;160;484;5233;323;164;37
202012;01011402;01;01;14;02;1;5433;2704;2729;81;89;84;178;88;78;67;113;119;100;56;91;66;222;179;432;959;840;562;397;275;138;53;34;12;27;42;24;15;6;0;6;81;439;533;91;288;3644;225;105;27
202012;01022101;01;02;21;01;1;1929;1060;869;24;31;27;52;15;20;22;55;49;34;15;60;62;91;78;193;244;203;140;131;87;95;51;28;33;12;33;25;12;0;7;0;24;125;195;60;153;1076;174;103;19
202012;01022102;01;02;21;02;1;4318;2348;1970;56;54;48;98;42;54;36;95;69;72;41;113;131;345;214;376;517;410;290;292;280;198;104;52;44;76;122;37;34;12;3;3;56;242;367;113;476;2379;354;279;52
202012;01022103;01;02;21;03;1;218;114;104;0;3;0;12;0;3;6;9;18;3;7;13;3;19;14;6;21;9;22;7;16;6;9;3;3;3;3;0;0;0;0;0;0;15;46;13;22;95;18;9;0
202012;01022104;01;02;21;04;1;9423;5101;4322;73;96;107;209;98;90;92;184;198;216;93;270;210;601;443;735;1186;883;684;656;558;498;225;147;148;158;251;185;91;25;9;4;73;510;873;270;811;5145;870;742;129
202012;01022105;01;02;21;05;1;3087;1688;1399;32;35;36;89;32;36;33;63;72;78;42;105;110;197;139;236;336;282;251;198;199;157;53;39;35;38;71;39;35;12;4;3;32;192;324;105;307;1641;249;183;54
202012;01022106;01;02;21;06;1;4035;2019;2016;61;44;36;100;57;39;41;63;71;85;36;131;95;200;150;304;527;353;351;266;211;208;112;69;64;91;120;84;45;15;6;0;61;237;335;131;295;2162;389;359;66
202012;01022201;01;02;22;01;1;5466;2888;2578;44;68;85;123;75;65;57;127;108;117;48;164;130;322;294;480;761;446;415;406;265;290;129;58;74;60;133;71;38;10;3;0;44;351;522;164;452;3067;477;338;51
202012;01022202;01;02;22;02;1;3486;1817;1669;68;72;59;94;46;55;39;57;46;47;27;66;58;203;186;435;769;410;220;152;115;81;32;16;21;22;47;12;25;6;0;0;68;271;271;66;261;2287;129;102;31
202012;01022203;01;02;22;03;1;4169;2123;2046;39;62;58;126;52;53;42;118;107;132;56;156;129;232;130;243;434;337;305;295;270;191;88;63;49;70;128;99;68;31;6;0;39;298;508;156;361;2014;342;346;105
202012;01022204;01;02;22;04;1;2546;1346;1200;29;31;27;54;24;25;28;60;49;37;25;67;25;132;110;225;324;290;215;158;178;116;57;39;34;46;61;28;38;11;3;0;29;136;224;67;157;1500;212;169;52
202012;01022205;01;02;22;05;1;2125;1090;1035;23;35;46;89;31;47;33;64;67;67;40;88;67;99;61;116;167;171;153;129;107;121;65;31;34;46;55;38;29;6;0;0;23;201;318;88;166;904;217;173;35
202012;01022206;01;02;22;06;1;1328;679;649;12;22;12;46;12;25;16;21;19;34;21;34;23;70;43;93;154;159;105;89;86;70;46;24;19;19;21;24;6;3;0;0;12;92;136;34;93;729;140;83;9
202012;01022207;01;02;22;07;1;2781;1471;1310;15;19;22;36;15;21;19;37;44;18;15;48;85;356;228;390;369;204;143;131;109;114;61;25;41;42;75;53;29;17;0;0;15;92;154;48;441;1574;200;211;46
202012;01033101;01;03;31;01;1;16815;8898;7917;232;265;239;542;269;248;252;502;459;486;269;659;542;1086;607;1088;1827;1437;1194;1117;986;812;362;203;187;215;289;232;146;51;9;3;232;1315;2216;659;1628;8256;1377;923;209
202012;01033102;01;03;31;02;1;7224;3766;3458;64;94;86;200;109;113;99;202;177;204;87;292;216;507;287;453;769;579;554;536;477;347;136;106;63;77;178;115;71;23;3;0;64;489;882;292;723;3655;589;433;97
202012;01033201;01;03;32;01;1;9418;4755;4663;98;151;153;342;169;179;145;320;317;357;159;411;273;414;265;463;879;773;750;625;545;467;192;127;123;183;221;151;94;50;19;3;98;815;1477;411;687;4300;786;678;166
202012;01033202;01;03;32;02;1;6224;3138;3086;60;110;93;194;94;97;98;163;180;181;80;251;272;423;219;326;575;496;475;393;341;339;150;86;63;104;140;113;93;9;3;3;60;491;799;251;695;2825;575;420;108
202012;01033203;01;03;32;03;1;9466;5047;4419;115;109;116;261;122;139;124;276;246;245;136;405;329;596;394;658;1010;799;729;697;558;469;190;111;75;105;202;128;81;24;14;3;115;608;1166;405;925;4845;770;510;122
202012;01044101;01;04;41;01;1;10333;5489;4844;124;123;135;299;124;110;124;220;208;237;131;321;267;552;377;785;1263;956;851;701;656;558;273;134;153;155;237;147;76;26;10;0;124;681;1030;321;819;5589;965;692;112
202012;01044102;01;04;41;02;1;7160;3688;3472;113;109;136;243;96;86;89;193;166;132;75;230;143;392;267;507;887;643;503;443;403;357;190;123;95;118;209;127;40;21;21;3;113;584;741;230;535;3653;670;549;85
202012;01044103;01;04;41;03;1;4643;2397;2246;48;58;62;103;49;43;47;88;94;97;48;161;160;308;246;388;614;424;353;329;253;243;87;47;38;46;100;60;39;4;3;3;48;272;417;161;468;2607;377;244;49
202012;01044201;01;04;42;01;1;16244;8604;7640;161;217;221;460;214;202;195;406;432;433;228;630;547;959;615;1090;1708;1414;1175;1238;1000;979;340;233;163;196;329;239;158;50;9;3;161;1112;1896;630;1506;8240;1552;927;220
202012;01044202;01;04;42;02;1;9796;5381;4415;92;99;106;226;104;98;116;180;185;205;87;246;316;854;631;944;1288;930;744;557;513;409;181;132;105;132;155;82;58;9;9;3;92;535;871;246;1170;5607;722;474;79
202012;01044203;01;04;42;03;1;9459;5024;4435;69;122;123;207;96;103;106;206;229;198;104;335;267;551;368;649;1131;822;689;662;630;539;230;116;133;156;256;199;101;53;6;3;69;548;946;335;818;4951;885;744;163
202012;02010101;02;01;01;01;1;4366;2259;2107;46;60;57;103;48;38;54;90;105;98;59;165;115;221;162;330;591;397;320;338;277;230;112;51;54;60;83;36;28;12;13;13;46;268;444;165;336;2415;393;233;66
202012;02010102;02;01;01;02;1;9558;4791;4767;85;140;131;274;126;121;129;288;283;308;172;434;245;456;343;530;990;780;689;691;603;533;232;134;97;135;231;177;125;53;13;10;85;671;1301;434;701;4626;899;640;201
202012;02010103;02;01;01;03;1;10702;5449;5253;122;148;142;292;150;131;124;288;316;318;168;430;302;505;333;586;1028;859;845;857;744;662;248;159;112;157;255;202;134;63;19;3;122;732;1345;430;807;5252;1069;726;219
202012;02010104;02;01;01;04;1;3273;1681;1592;31;33;48;73;45;33;28;83;114;114;54;154;99;178;99;161;308;254;269;230;188;229;91;35;60;48;78;59;58;15;4;0;31;199;426;154;277;1509;355;245;77
202012;02020201;02;02;02;01;1;829;458;371;19;9;12;34;13;12;15;25;25;21;6;21;21;32;21;54;116;133;77;53;15;28;3;9;0;13;21;18;3;0;0;0;19;68;104;21;53;469;40;52;3
202012;02020202;02;02;02;02;1;2663;1384;1279;28;25;34;59;34;34;33;57;56;47;27;83;63;124;113;229;331;269;204;165;168;143;52;41;32;52;80;40;22;9;6;3;28;152;254;83;187;1479;236;204;40
202012;02020203;02;02;02;03;1;4456;2301;2155;63;69;59;129;50;62;49;73;97;93;37;103;80;217;194;342;597;489;374;373;252;216;115;49;58;58;69;35;32;19;3;0;63;307;411;103;297;2621;380;220;54
202012;02020204;02;02;02;04;1;5420;2839;2581;62;72;69;134;28;55;65;107;89;83;50;137;111;253;185;424;759;632;488;403;306;265;138;91;44;94;120;91;39;26;0;0;62;303;449;137;364;3197;494;349;65
202012;02020205;02;02;02;05;1;6176;3129;3047;70;70;81;133;60;58;52;104;104;125;66;177;114;318;206;467;786;648;505;487;413;356;149;80;75;104;149;118;57;30;14;0;70;344;509;177;432;3512;585;446;101
202012;02020206;02;02;02;06;1;9019;4598;4421;89;124;117;189;120;91;92;172;230;184;80;312;209;433;317;644;1206;1007;758;662;538;440;181;142;101;116;195;138;89;24;10;9;89;550;849;312;642;5132;763;550;132
202012;02030301;02;03;03;01;1;5537;2857;2680;43;45;37;111;54;44;50;114;123;109;59;210;141;269;171;281;541;469;461;461;390;394;134;70;90;113;215;169;106;33;21;9;43;247;499;210;410;2774;598;587;169
202012;02030302;02;03;03;02;1;7120;3721;3399;70;79;70;164;70;62;65;116;147;170;86;237;156;351;235;446;812;704;644;582;442;409;177;91;101;92;193;171;114;46;9;9;70;383;646;237;507;3865;677;557;178
202012;02030401;02;03;04;01;1;7436;3902;3534;63;81;63;160;55;72;69;139;125;140;72;196;161;358;260;556;1093;834;693;574;464;346;144;106;61;93;156;158;87;37;13;7;63;359;617;196;519;4474;596;468;144
202012;02030402;02;03;04;02;1;5590;2976;2614;42;48;62;116;55;44;51;82;90;89;53;150;96;306;205;416;740;670;504;409;345;276;105;69;53;76;181;134;81;30;9;3;42;281;409;150;402;3289;450;444;123
202012;02040501;02;04;05;01;1;1726;820;906;18;38;28;72;12;37;18;61;38;41;28;59;55;75;70;103;205;171;127;116;89;77;35;22;12;18;14;37;19;16;6;9;18;150;223;59;130;881;134;81;50
202012;02040502;02;04;05;02;1;2670;1348;1322;40;40;46;80;35;38;28;53;52;65;28;61;38;127;148;285;448;346;183;132;119;84;37;26;26;22;24;37;13;9;0;0;40;201;264;61;165;1661;147;109;22
202012;02040503;02;04;05;03;1;3329;1661;1668;46;75;70;120;61;45;46;50;52;51;24;52;43;163;152;335;625;470;266;156;131;98;26;21;22;24;17;35;20;18;12;3;46;326;268;52;206;2135;145;98;53
202012;02040701;02;04;07;01;1;6080;3121;2959;84;120;122;202;98;64;64;121;118;95;60;147;153;481;401;623;936;613;347;296;265;181;100;65;55;48;52;75;51;36;7;0;84;542;522;147;634;3481;346;230;94
202012;02040702;02;04;07;02;1;3783;2051;1732;47;40;41;80;28;31;25;52;48;51;22;57;148;442;274;424;651;464;310;151;125;91;37;33;12;7;20;24;38;7;0;3;47;189;229;57;590;2399;161;63;48
202012;02040703;02;04;07;03;1;782;419;363;6;7;12;27;14;19;14;19;17;22;13;21;7;56;36;102;169;72;68;28;15;12;10;6;6;4;0;0;0;0;0;0;6;60;104;21;63;490;28;10;0
202012;02050601;02;05;06;01;1;3266;1682;1584;43;50;42;80;38;22;43;51;69;52;12;42;32;193;181;410;721;484;268;131;113;78;25;18;0;3;15;32;18;0;0;0;43;210;249;42;225;2308;121;50;18
202012;02050602;02;05;06;02;1;7575;3858;3717;106;150;97;235;88;90;66;126;110;110;40;117;102;343;385;830;1624;1148;664;433;229;165;68;42;38;56;49;27;21;13;3;0;106;570;542;117;445;5313;275;170;37
202012;02050801;02;05;08;01;1;8202;4259;3943;111;149;145;274;106;77;57;152;128;132;53;141;139;449;459;931;1750;1194;629;411;263;200;81;38;46;31;18;25;7;6;0;0;111;674;599;141;588;5637;319;120;13
202012;02050802;02;05;08;02;1;7742;4070;3672;104;132;99;188;62;48;77;104;86;54;34;64;104;456;476;1008;1759;1246;656;404;229;145;53;31;21;29;19;24;21;9;0;0;104;481;403;64;560;5778;229;93;30
202012;02050803;02;05;08;03;1;3007;1606;1401;41;43;34;108;24;49;21;46;25;31;9;32;49;192;175;398;678;445;211;126;98;49;34;20;6;20;18;13;6;6;0;0;41;209;181;32;241;2131;103;57;12
202012;02050804;02;05;08;04;1;1078;537;541;28;32;43;39;33;18;18;26;18;24;9;26;21;26;19;56;153;140;86;76;73;36;18;7;3;0;21;16;10;0;3;0;28;147;113;26;47;603;61;40;13
202012;03010101;03;01;01;01;2;725;432;293;12;15;9;21;17;3;13;19;19;18;3;12;19;48;16;44;90;128;53;47;34;21;22;6;6;3;0;23;4;0;0;0;12;62;75;12;67;412;49;32;4
202012;03010102;03;01;01;02;2;2527;1341;1186;102;81;55;95;40;50;44;72;69;66;34;66;80;170;108;171;297;227;174;144;82;71;40;21;22;15;24;38;28;25;12;4;102;271;335;66;250;1203;132;99;69
202012;03010104;03;01;01;04;2;55;36;19;3;0;0;3;0;0;0;0;3;0;3;4;3;3;3;3;6;9;6;0;6;0;0;0;0;0;0;0;0;0;0;0;3;3;6;4;6;33;0;0;0
202012;03020203;03;02;02;03;2;127;75;52;0;6;0;3;3;0;0;6;6;6;0;7;3;0;0;6;6;18;10;19;3;0;0;10;0;4;0;6;5;0;0;0;0;12;18;7;3;62;10;10;5
202012;03020209;03;02;02;09;2;2635;1243;1392;37;42;50;91;62;51;36;88;57;69;25;84;149;225;76;158;234;236;218;172;134;110;32;18;22;26;32;40;34;24;3;0;37;245;326;84;374;1228;160;120;61
202012;03020210;03;02;02;10;2;1922;941;981;29;29;30;102;32;45;36;75;64;61;35;61;58;66;55;100;224;178;171;109;108;80;35;6;26;22;18;28;21;9;9;0;29;193;316;61;124;945;121;94;39
202012;03020307;03;02;03;07;2;2700;1320;1380;43;40;60;96;66;66;49;96;77;90;48;112;51;103;59;84;214;238;243;213;150;133;57;44;21;52;57;62;41;20;12;3;43;262;426;112;154;1201;234;192;76
202012;03030405;03;03;04;05;2;2264;1164;1100;71;49;53;140;68;58;34;77;76;77;21;56;83;117;57;124;202;238;163;100;109;69;30;26;23;25;25;38;28;18;9;0;71;310;343;56;200;993;125;111;55
202012;03030406;03;03;04;06;2;773;366;407;9;16;19;23;16;9;12;36;21;21;17;16;6;37;22;20;54;67;69;52;52;24;23;10;9;6;27;31;22;21;6;0;9;74;116;16;43;336;57;73;49
202012;03030711;03;03;07;11;2;603;278;325;20;17;13;28;6;12;10;23;17;26;12;32;15;28;6;21;42;63;37;24;25;40;10;6;9;6;9;18;19;3;6;0;20;64;100;32;43;218;56;42;28
202012;03030715;03;03;07;15;2;1591;891;700;24;27;32;54;41;27;39;40;39;53;28;49;70;105;71;114;198;138;119;102;55;51;12;6;9;18;15;30;12;10;0;3;24;154;226;49;175;797;69;72;25
202012;03030716;03;03;07;16;2;48;19;29;0;7;0;3;3;0;3;0;0;0;0;3;0;0;0;3;0;0;10;0;0;10;3;3;0;0;0;0;0;0;0;0;0;13;3;3;0;13;16;0;0
202012;03040508;03;04;05;08;2;999;499;500;7;9;15;42;15;23;21;32;31;37;24;57;25;37;27;24;55;82;88;81;52;72;23;15;18;24;24;20;10;6;0;3;7;81;168;57;62;409;110;86;19
202012;03040512;03;04;05;12;2;1998;957;1041;30;48;55;64;49;31;24;58;56;64;24;72;40;83;82;104;225;194;167;138;104;70;38;18;25;23;34;23;30;19;6;0;30;216;257;72;123;1014;126;105;55
202012;03040513;03;04;05;13;2;652;364;288;7;13;12;18;15;12;6;18;34;30;9;24;21;31;21;27;69;57;41;44;53;25;9;9;7;6;6;16;6;3;3;0;7;58;109;24;52;312;43;35;12
202012;03040614;03;04;06;14;2;6568;3264;3304;129;153;151;285;130;128;122;205;198;196;67;181;138;270;201;408;861;743;545;421;284;176;85;55;41;47;72;117;82;45;21;11;129;719;916;181;408;3463;316;277;159
202012;03040818;03;04;08;18;2;7037;3526;3511;115;172;117;282;105;104;100;172;134;163;62;143;114;339;276;627;1121;900;591;400;256;201;97;31;50;70;72;73;93;47;7;3;115;676;735;143;453;4171;329;265;150
202012;03050919;03;05;09;19;2;710;371;339;16;13;21;27;9;19;0;16;16;24;15;37;19;31;27;56;73;72;64;49;30;24;6;10;3;0;12;6;9;6;0;0;16;70;90;37;50;371;40;21;15
202012;03050920;03;05;09;20;2;1302;646;656;15;29;30;55;27;31;23;37;25;27;9;42;12;44;54;87;178;146;116;76;62;46;29;13;9;3;19;28;18;12;0;0;15;141;152;42;56;719;88;59;30
202012;03050923;03;05;09;23;2;2608;1373;1235;42;60;59;87;39;46;41;70;43;24;16;54;47;117;117;258;470;336;232;173;92;69;29;12;12;13;12;21;6;4;7;0;42;245;240;54;164;1678;110;58;17
202012;03050924;03;05;09;24;2;1628;860;768;25;35;24;53;18;9;27;49;33;46;21;50;32;87;78;137;257;200;146;110;73;45;19;9;13;13;10;9;0;0;0;0;25;130;185;50;119;1001;73;45;0
202012;03050925;03;05;09;25;2;2052;1011;1041;31;43;59;71;43;36;36;64;67;62;18;66;50;87;101;163;275;237;160;114;67;71;28;10;12;13;32;15;9;6;6;0;31;216;283;66;137;1117;109;72;21
202012;03051017;03;05;10;17;2;981;558;423;12;21;10;34;6;10;12;13;18;7;3;19;32;93;55;96;127;106;83;54;40;51;19;4;13;7;6;21;3;3;3;0;12;71;63;19;125;561;74;47;9
202012;03051021;03;05;10;21;2;1119;554;565;24;33;21;51;26;21;16;29;16;24;12;29;29;73;41;95;165;106;76;46;55;20;19;15;0;9;15;23;17;10;3;0;24;131;118;29;102;584;54;47;30
202012;03051022;03;05;10;22;2;548;267;281;12;10;12;14;18;10;6;21;27;14;4;19;12;29;15;36;67;58;30;32;30;22;3;3;0;6;0;9;12;10;7;0;12;54;82;19;41;268;28;15;29
202012;03061126;03;06;11;26;1;5324;2771;2553;70;102;76;166;73;66;53;90;108;99;32;85;89;271;292;571;992;708;466;341;198;147;43;27;15;37;43;31;12;6;12;3;70;417;448;85;360;3568;217;126;33
202012;03061131;03;06;11;31;1;3798;1899;1899;50;51;70;104;42;50;46;89;65;64;38;59;50;180;175;402;651;563;350;279;165;93;41;15;28;15;28;13;6;12;4;0;50;267;352;59;230;2585;149;84;22
202012;03061227;03;06;12;27;1;4101;2043;2058;53;71;54;97;54;46;42;96;66;49;28;81;39;198;172;428;831;585;370;281;200;104;38;24;16;14;19;18;21;3;0;3;53;276;327;81;237;2867;166;67;27
202012;03061228;03;06;12;28;1;3459;1683;1776;40;73;57;94;40;46;31;47;63;77;29;72;49;158;161;323;675;515;279;183;138;100;42;18;22;18;30;33;25;17;4;0;40;264;293;72;207;2274;160;103;46
202012;03061332;03;06;13;32;1;7454;3722;3732;99;122;110;216;90;106;86;179;171;142;59;161;125;283;278;628;1278;1071;751;598;388;237;81;42;37;32;32;26;14;9;3;0;99;538;743;161;408;4992;360;127;26
202012;03061429;03;06;14;29;1;1931;913;1018;25;33;46;92;43;19;33;49;50;42;21;52;53;116;75;136;208;166;139;113;97;55;38;21;10;25;20;61;44;30;12;7;25;214;214;52;169;934;114;116;93
202012;03061430;03;06;14;30;1;1673;875;798;40;40;37;78;38;36;30;74;64;51;36;76;50;135;76;104;184;133;113;58;53;42;28;7;9;12;13;29;9;15;3;0;40;193;291;76;185;721;77;63;27
202012;03061434;03;06;14;34;1;1927;976;951;34;27;33;49;22;17;18;44;31;29;13;29;21;97;87;203;392;302;147;100;73;63;10;9;17;18;13;16;9;0;4;0;34;131;152;29;118;1304;82;64;13
202012;03061435;03;06;14;35;1;1307;657;650;16;29;19;29;12;19;19;21;28;26;9;27;23;74;66;124;210;180;111;69;56;46;33;9;7;9;12;3;6;12;0;3;16;89;122;27;97;816;88;31;21
202012;03061441;03;06;14;41;1;817;386;431;13;15;9;38;19;24;18;34;30;36;10;34;26;25;16;35;97;92;101;54;38;12;3;9;3;3;7;6;10;0;0;0;13;81;152;34;51;433;24;19;10
202012;03071536;03;07;15;36;1;4314;2161;2153;54;69;73;110;61;44;62;95;83;98;34;148;119;183;197;330;706;536;432;367;215;141;56;9;9;23;12;30;6;6;6;0;54;313;416;148;302;2783;206;74;18
202012;03071537;03;07;15;37;1;5747;2839;2908;96;102;89;214;90;82;71;142;124;112;61;156;118;214;207;424;943;813;542;403;318;156;54;37;25;40;43;39;26;3;3;0;96;495;592;156;332;3650;247;147;32
202012;03071633;03;07;16;33;1;1040;543;497;15;26;18;31;18;18;26;38;19;28;6;28;15;38;29;81;184;134;94;55;41;18;12;10;12;6;12;19;3;3;3;0;15;93;135;28;53;618;40;49;9
202012;03071638;03;07;16;38;1;5918;2901;3017;83;100;96;207;78;84;80;173;103;116;55;124;79;258;270;491;1024;794;561;410;260;181;74;30;32;28;55;40;20;9;3;0;83;481;611;124;337;3810;285;155;32
202012;03071639;03;07;16;39;1;3635;1791;1844;34;71;54;133;51;70;45;87;89;88;49;121;81;133;121;263;549;475;342;278;186;118;35;34;16;23;25;28;30;3;0;3;34;309;428;121;214;2214;187;92;36
202012;04010101;04;01;01;01;2;5402;2757;2645;65;76;62;169;62;63;64;109;123;127;61;143;115;285;190;337;548;483;461;404;383;282;151;108;82;125;152;93;60;19;0;0;65;369;547;143;400;2806;541;452;79
202012;04010102;04;01;01;02;2;323;239;84;0;7;3;6;3;9;6;12;6;9;3;12;16;28;16;22;21;22;42;22;9;21;6;6;6;7;0;0;3;0;0;0;0;19;45;12;44;154;33;13;3
202012;04010103;04;01;01;03;2;4401;2144;2257;62;62;89;153;71;79;65;152;129;141;54;166;102;169;118;181;407;322;367;328;316;268;129;83;40;97;116;64;47;12;12;0;62;375;620;166;271;2039;480;317;71
202012;04020204;04;02;02;04;2;66;31;35;0;0;0;0;0;0;4;4;3;6;3;6;0;6;3;7;0;0;6;3;3;0;0;0;0;3;0;6;3;0;0;0;0;0;20;6;6;22;0;9;3
202012;04020205;04;02;02;05;2;337;184;153;0;0;9;0;3;6;0;11;4;9;6;12;18;18;9;15;27;22;31;40;28;29;6;15;6;0;7;0;6;0;0;0;0;12;36;12;36;172;50;13;6
202012;04020206;04;02;02;06;2;900;469;431;12;15;17;29;12;18;19;9;12;26;6;21;13;46;17;41;95;100;81;69;49;45;30;6;9;29;28;23;17;3;0;3;12;73;90;21;59;452;81;89;23
202012;04020207;04;02;02;07;2;829;408;421;4;3;9;21;12;3;6;21;28;13;9;33;17;37;45;49;74;63;71;79;62;63;25;6;13;15;18;12;12;6;0;0;4;45;80;33;54;443;94;58;18
202012;04020208;04;02;02;08;2;840;417;423;3;15;6;21;16;3;15;40;24;33;15;43;25;45;16;13;47;49;59;81;51;60;26;16;19;6;32;28;17;3;9;4;3;58;130;43;70;316;102;85;33
202012;04020209;04;02;02;09;2;1217;648;569;6;6;3;18;13;12;10;28;15;18;6;21;55;228;113;128;128;101;81;57;41;33;26;15;12;9;9;18;0;3;4;0;6;40;89;21;283;649;74;48;7
202012;04020310;04;02;03;10;2;531;280;251;6;16;9;15;9;9;3;7;13;10;9;19;7;94;54;72;58;29;39;9;23;6;0;3;3;3;6;0;0;0;0;0;6;49;51;19;101;284;9;12;0
202012;04020311;04;02;03;11;2;4924;2458;2466;48;49;61;113;52;53;62;128;110;99;46;167;139;244;199;252;466;391;392;391;358;293;135;73;73;97;200;124;63;37;6;3;48;275;498;167;383;2449;501;494;109
202012;04020312;04;02;03;12;2;1885;982;903;25;24;19;50;18;37;27;37;51;49;23;72;43;111;55;120;154;169;148;152;116;86;54;34;40;32;59;36;22;10;12;0;25;111;224;72;154;914;174;167;44
202012;04020313;04;02;03;13;2;2803;1384;1419;19;27;42;70;41;36;37;56;53;68;21;66;63;189;125;176;304;239;253;166;172;152;67;33;56;71;86;63;37;6;6;3;19;180;271;66;252;1435;252;276;52
202012;04020314;04;02;03;14;2;6;6;0;0;0;0;0;0;0;0;0;0;0;0;0;0;3;0;0;0;0;0;0;0;0;3;0;0;0;0;0;0;0;0;0;0;0;0;0;3;0;3;0;0
202012;04030415;04;03;04;15;1;1858;1000;858;19;14;13;44;10;15;24;15;21;21;12;34;36;155;99;163;253;187;145;128;102;70;63;31;16;40;53;34;21;6;10;4;19;81;108;34;191;1077;164;143;41
202012;04030416;04;03;04;16;1;4992;2429;2563;48;59;59;155;63;47;61;118;103;111;43;181;98;211;153;253;460;441;352;355;358;293;185;106;97;122;200;143;64;34;12;7;48;336;483;181;309;2372;584;562;117
202012;04030417;04;03;04;17;1;4203;2085;2118;36;58;42;95;50;61;34;94;88;95;42;129;98;193;131;237;428;383;352;361;278;248;106;72;57;93;181;79;54;18;6;4;36;245;414;129;291;2170;426;410;82
202012;04030518;04;03;05;18;1;4538;2303;2235;45;60;56;123;39;33;42;88;85;60;43;106;93;240;177;293;522;408;356;322;296;290;154;93;72;97;167;103;53;16;3;3;45;278;351;106;333;2374;537;439;75
202012;04030519;04;03;05;19;1;2784;1463;1321;28;37;24;72;24;43;30;64;50;60;31;73;60;119;97;198;346;305;248;201;176;152;71;38;40;64;61;30;33;9;0;0;28;157;278;73;179;1571;261;195;42
202012;04030620;04;03;06;20;1;4032;2024;2008;30;54;41;89;38;38;50;72;75;88;39;101;100;170;130;260;435;360;322;317;312;243;130;51;60;110;145;58;79;23;9;3;30;222;362;101;270;2136;424;373;114
202012;04030621;04;03;06;21;1;2044;1084;960;27;18;23;45;13;12;27;32;40;39;18;37;38;98;109;161;307;235;132;119;140;100;46;43;31;39;65;32;12;6;0;0;27;99;168;37;136;1203;189;167;18
202012;04030622;04;03;06;22;1;5276;2640;2636;43;64;63;129;61;51;51;114;89;107;34;145;107;228;168;287;548;499;413;442;322;312;192;94;109;142;255;126;62;7;12;0;43;317;446;145;335;2679;598;632;81
202012;04030623;04;03;06;23;1;2984;1441;1543;30;38;42;73;35;46;22;58;46;54;19;84;44;137;89;187;324;329;243;227;173;176;77;66;45;65;120;54;50;22;6;3;30;188;245;84;181;1572;319;284;81
202012;04030724;04;03;07;24;1;2527;1228;1299;16;28;30;48;30;27;22;32;44;41;24;78;33;111;95;121;275;235;224;178;142;117;90;53;50;57;104;79;70;37;30;6;16;136;190;78;144;1270;260;290;143
202012;04030725;04;03;07;25;1;5053;2552;2501;40;62;59;100;69;43;35;82;115;78;61;127;127;263;187;312;581;490;420;371;342;324;150;87;82;116;165;86;49;21;9;0;40;290;414;127;390;2703;561;449;79
202012;04030726;04;03;07;26;1;2575;1254;1321;22;24;39;44;43;23;21;51;43;61;26;73;66;129;52;140;222;226;195;227;197;147;105;66;39;79;96;63;32;21;3;0;22;150;225;73;195;1259;318;277;56
202012;04030827;04;03;08;27;1;6690;3467;3223;64;63;65;130;82;60;52;100;87;137;69;166;135;411;274;414;653;699;537;530;444;419;232;99;129;158;232;142;66;29;9;3;64;340;505;166;546;3551;750;661;107
202012;04030828;04;03;08;28;1;4414;2197;2217;40;55;48;88;24;29;28;72;73;57;31;96;84;241;155;299;482;406;337;325;349;297;146;93;91;129;158;96;57;25;3;0;40;215;290;96;325;2353;536;474;85
202012;04030929;04;03;09;29;1;2630;1329;1301;18;33;25;53;21;26;26;53;50;51;18;61;39;83;85;155;255;219;228;202;189;194;108;65;57;66;113;68;38;16;15;0;18;132;224;61;122;1333;367;304;69
202012;04030930;04;03;09;30;1;2611;1396;1215;33;34;15;49;24;32;22;43;45;45;30;64;54;111;55;117;234;197;201;218;205;194;112;62;77;64;116;94;37;18;9;0;33;122;217;64;165;1227;368;351;64
202012;04030931;04;03;09;31;1;2053;1062;991;18;38;13;45;23;25;16;48;41;34;31;34;38;72;52;97;205;202;158;171;147;156;72;44;37;57;90;56;18;9;6;0;18;119;195;34;110;1032;272;240;33
202012;04031032;04;03;10;32;1;6890;3408;3482;68;95;74;168;83;69;55;147;143;125;60;178;153;288;216;398;698;669;575;529;455;410;236;127;130;197;241;171;93;24;9;6;68;420;599;178;441;3540;773;739;132
202012;04041133;04;04;11;33;2;73;52;21;0;0;0;0;0;0;0;0;0;0;0;0;0;6;4;6;12;13;3;10;10;6;3;0;0;0;0;0;0;0;0;0;0;0;0;0;6;58;9;0;0
202012;04041134;04;04;11;34;2;2329;1142;1187;15;32;26;65;32;39;34;74;69;64;24;93;47;118;65;112;196;202;186;206;153;135;53;37;25;71;78;30;16;22;10;0;15;155;304;93;165;1120;225;204;48
202012;04041135;04;04;11;35;2;1051;492;559;12;21;18;28;12;16;15;41;22;30;6;51;29;27;17;19;39;80;79;79;89;80;46;21;27;15;70;31;15;10;3;3;12;79;130;51;56;402;147;143;31
202012;04041136;04;04;11;36;2;1169;540;629;6;17;9;35;21;21;18;30;28;31;23;50;28;39;23;41;75;56;96;108;93;84;49;18;22;30;47;34;20;4;10;3;6;82;151;50;67;492;151;133;37
202012;04041137;04;04;11;37;2;3289;1610;1679;28;45;38;80;44;26;37;98;79;72;41;92;74;141;94;154;295;328;301;265;233;180;103;58;49;93;97;70;50;15;0;9;28;207;353;92;215;1670;341;309;74
202012;04041238;04;04;12;38;2;2205;1057;1148;28;38;38;63;40;30;30;66;57;76;36;82;51;93;45;71;161;179;193;188;150;146;51;47;21;73;51;45;40;16;0;0;28;179;295;82;144;987;244;190;56
202012;04041239;04;04;12;39;2;642;348;294;12;19;18;19;6;10;9;22;12;15;4;18;14;26;12;52;111;96;49;28;29;19;6;12;6;3;9;6;0;0;0;0;12;62;72;18;40;377;37;24;0
202012;04041240;04;04;12;40;2;425;201;224;7;0;6;19;6;14;3;11;15;9;10;9;15;24;12;19;20;18;30;43;37;19;15;0;12;6;22;9;0;12;3;0;7;31;62;9;39;179;34;49;15
202012;04041241;04;04;12;41;2;1878;909;969;28;18;22;43;30;19;30;37;47;42;24;62;35;122;63;84;141;166;153;170;118;140;54;19;38;34;67;39;18;6;3;6;28;113;199;62;157;895;213;178;33
202012;04041342;04;04;13;42;2;1533;754;779;16;26;26;36;25;15;21;35;31;37;10;36;23;55;28;72;113;129;109;106;122;95;71;36;46;68;66;36;27;17;0;0;16;113;149;36;78;679;202;216;44
202012;04041343;04;04;13;43;2;1170;568;602;9;21;12;37;19;21;6;28;25;41;3;36;16;38;27;54;100;102;89;75;88;87;27;25;37;35;60;31;15;3;3;0;9;89;124;36;54;535;139;163;21
202012;04041344;04;04;13;44;2;3006;1473;1533;34;31;29;69;52;24;34;55;97;73;46;92;74;146;75;119;262;265;247;261;215;190;100;50;40;65;128;69;43;9;6;6;34;181;329;92;220;1444;340;302;64
202012;04051445;04;05;14;45;1;2991;1441;1550;37;44;47;75;35;30;50;66;68;70;31;94;77;123;88;170;274;263;249;237;214;154;103;58;51;71;96;88;15;9;4;0;37;201;315;94;200;1495;315;306;28
202012;04051446;04;05;14;46;1;5040;2511;2529;50;66;52;133;60;65;58;108;109;112;53;127;90;179;135;242;515;461;430;359;313;323;159;86;91;172;217;136;81;35;12;11;50;311;505;127;269;2455;568;616;139
202012;04051447;04;05;14;47;1;2258;1064;1194;22;22;19;48;22;24;19;46;25;41;15;62;51;90;79;109;217;228;146;169;156;159;99;50;48;58;93;58;42;29;9;3;22;111;170;62;141;1104;308;257;83
202012;04051448;04;05;14;48;1;4507;2278;2229;30;51;56;102;47;40;37;70;84;63;28;92;93;201;144;233;463;434;350;360;360;285;174;106;88;119;182;125;59;22;9;0;30;256;322;92;294;2344;565;514;90
202012;04051549;04;05;15;49;1;2158;1154;1004;40;29;33;73;27;35;28;47;55;51;29;73;77;116;71;116;229;174;169;186;145;97;64;31;10;45;53;25;15;0;6;9;40;162;245;73;193;1090;192;133;30
202012;04051550;04;05;15;50;1;2439;1220;1219;18;28;28;57;26;28;22;37;59;77;24;64;64;130;69;138;232;207;202;199;174;162;63;45;51;68;90;42;17;12;3;3;18;139;247;64;194;1221;270;251;35
202012;04051551;04;05;15;51;1;1992;1022;970;19;34;21;59;19;25;21;60;39;44;15;69;43;88;78;111;187;174;180;136;115;129;64;35;24;34;95;39;26;9;0;0;19;133;204;69;131;981;228;192;35
202012;04051652;04;05;16;52;1;3989;1997;1992;28;55;53;109;50;43;39;89;83;95;40;124;105;158;111;195;427;354;327;302;289;218;126;67;71;111;152;88;49;18;3;10;28;267;389;124;263;2005;411;422;80
202012;04051653;04;05;16;53;1;3015;1522;1493;22;26;28;61;35;25;36;45;67;60;30;57;79;168;89;187;319;255;220;241;195;201;91;79;42;85;122;83;24;36;3;4;22;150;263;57;247;1506;371;332;67
202012;04051654;04;05;16;54;1;1177;579;598;15;12;16;25;10;12;9;16;16;25;6;26;16;57;46;80;157;124;88;77;76;77;41;13;26;22;51;16;13;3;3;3;15;63;84;26;73;648;131;115;22
202012;04051655;04;05;16;55;1;3395;1723;1672;34;49;51;72;36;56;53;70;72;79;48;100;80;165;93;190;385;299;313;256;222;174;96;53;58;63;87;64;44;26;4;3;34;208;378;100;245;1758;323;272;77
202012;04051656;04;05;16;56;1;2528;1298;1230;24;27;27;64;16;25;27;70;66;53;31;81;56;106;97;118;256;275;217;180;180;156;64;41;40;52;91;45;22;9;9;3;24;134;272;81;162;1323;261;228;43
202012;04061757;04;06;17;57;2;18;15;3;0;0;0;0;0;0;0;0;0;0;0;0;0;9;0;0;0;0;3;0;3;0;0;3;0;0;0;0;0;0;0;0;0;0;0;0;9;6;3;0;0
202012;05010101;05;01;01;01;2;3263;1655;1608;37;65;68;129;66;53;47;90;121;113;33;122;89;142;99;130;335;259;254;248;199;166;74;32;42;79;63;53;26;7;22;0;37;328;457;122;231;1524;272;237;55
202012;05010102;05;01;01;02;2;3162;1584;1578;67;72;89;138;48;45;30;84;81;67;41;86;79;195;110;211;399;283;241;200;156;143;60;24;41;33;78;38;8;9;3;3;67;347;348;86;274;1600;227;190;23
202012;05010103;05;01;01;03;2;1512;774;738;16;18;33;37;24;18;24;52;37;57;19;48;24;59;34;67;125;119;125;127;78;83;61;41;22;44;60;32;9;13;6;0;16;112;207;48;83;675;185;158;28
202012;05010204;05;01;02;04;2;1597;757;840;9;24;28;61;31;42;45;68;68;68;29;96;64;83;34;54;100;125;127;85;88;67;47;12;18;25;38;19;30;3;9;0;9;144;320;96;147;613;126;100;42
202012;05010205;05;01;02;05;2;631;316;315;3;6;3;15;0;4;9;18;17;24;15;27;21;22;18;22;62;55;53;52;40;44;21;21;10;13;18;3;9;3;3;0;3;24;87;27;43;302;86;44;15
202012;05010206;05;01;02;06;2;4746;2430;2316;72;100;91;172;91;97;72;151;137;141;94;201;124;209;135;249;415;379;376;322;244;272;111;84;71;79;87;70;74;23;3;0;72;454;692;201;333;2120;467;307;100
202012;05010207;05;01;02;07;2;6039;2952;3087;68;97;92;201;80;95;92;189;175;190;99;261;141;252;135;282;436;451;489;431;398;309;225;103;147;164;177;88;96;46;24;6;68;470;840;261;393;2622;637;576;172
202012;05010208;05;01;02;08;2;2893;1484;1409;38;54;52;109;45;51;46;85;91;66;18;91;65;142;103;190;322;276;227;189;168;135;73;25;36;43;61;48;28;13;0;3;38;260;357;91;207;1475;233;188;44
202012;05010209;05;01;02;09;2;2033;1062;971;21;19;28;62;34;24;39;55;68;53;27;87;50;94;52;102;146;159;153;168;166;143;45;43;31;37;77;29;15;6;0;0;21;143;266;87;144;946;231;174;21
202012;05010310;05;01;03;10;2;1651;854;797;15;29;45;58;24;36;21;49;52;40;15;63;38;93;62;118;172;133;140;129;92;66;29;28;6;25;34;24;9;6;0;0;15;156;213;63;131;846;123;89;15
202012;05010311;05;01;03;11;2;2999;1472;1527;33;49;37;83;50;39;54;78;121;97;52;164;99;127;76;138;253;218;234;257;174;164;67;32;59;51;82;54;35;16;6;0;33;219;441;164;226;1350;263;246;57
202012;05010312;05;01;03;12;2;4313;2343;1970;45;83;60;147;71;66;60;123;147;127;49;138;142;275;156;253;451;381;364;301;246;207;88;42;52;65;92;46;27;6;3;0;45;361;572;138;417;2152;337;255;36
202012;05010313;05;01;03;13;2;3041;1608;1433;42;49;50;108;41;46;41;97;84;66;33;109;97;187;96;201;306;257;210;188;243;138;82;34;40;47;77;36;19;13;0;4;42;248;367;109;284;1501;254;200;36
202012;05010314;05;01;03;14;2;4993;2552;2441;57;97;63;160;50;65;47;115;109;116;60;177;99;274;168;255;497;455;376;355;381;315;137;69;93;104;132;88;55;15;6;3;57;370;512;177;373;2487;521;417;79
202012;05010339;05;01;03;39;2;660;362;298;8;14;15;30;22;18;25;43;26;29;16;39;33;27;19;31;58;50;50;37;26;9;3;6;3;10;13;0;0;0;0;0;8;81;157;39;60;271;18;26;0
202012;05020415;05;02;04;15;2;849;420;429;6;12;15;31;22;6;18;21;28;39;24;46;12;26;18;19;49;51;73;82;76;76;28;10;3;25;13;4;9;7;0;0;6;80;136;46;38;368;114;45;16
202012;05020416;05;02;04;16;2;106;53;53;0;3;0;0;0;3;4;0;6;0;0;6;0;6;3;3;10;12;3;3;9;12;6;4;3;4;3;0;0;3;0;0;0;3;13;6;6;43;22;10;3
202012;05020417;05;02;04;17;2;1801;921;880;9;23;19;42;21;39;25;46;35;54;22;93;48;127;39;66;137;133;122;140;122;122;57;19;30;34;73;48;42;14;0;0;9;105;221;93;175;759;198;185;56
202012;05020418;05;02;04;18;2;1251;670;581;15;19;18;46;27;15;22;39;41;44;27;37;36;58;55;76;123;103;104;78;67;48;34;7;15;35;38;9;9;3;3;0;15;110;188;37;94;606;89;97;15
202012;05020419;05;02;04;19;2;2332;1149;1183;36;56;61;95;47;39;33;92;71;54;34;84;41;107;56;133;234;197;192;127;131;84;73;46;36;47;53;35;26;9;3;0;36;259;323;84;148;1070;203;171;38
202012;05020420;05;02;04;20;2;235;117;118;3;0;3;6;3;9;12;9;10;17;0;3;9;12;6;3;13;6;26;20;12;16;15;3;3;3;7;3;3;0;0;0;3;12;57;3;21;86;34;16;3
202012;05020521;05;02;05;21;2;942;474;468;6;21;12;21;21;9;13;28;31;40;23;33;46;43;30;34;44;74;90;99;68;58;33;9;3;19;13;12;6;0;3;0;6;75;144;33;89;439;100;47;9
202012;05020522;05;02;05;22;2;3741;1863;1878;36;69;68;160;80;77;74;156;138;138;73;158;89;151;113;145;341;307;320;248;216;185;79;48;37;52;71;39;48;9;16;0;36;377;656;158;240;1690;312;199;73
202012;05020523;05;02;05;23;2;7534;3744;3790;72;115;142;342;160;136;137;283;296;294;121;419;244;352;193;308;576;587;540;495;440;369;204;90;102;137;164;95;82;29;7;3;72;759;1267;419;596;3139;663;498;121
202012;05020524;05;02;05;24;2;1519;783;736;19;28;33;49;23;18;15;27;41;40;22;49;43;72;46;78;132;116;97;115;100;103;58;27;31;41;33;21;27;6;6;3;19;133;163;49;115;684;188;126;42
202012;05020625;05;02;06;25;2;3135;1659;1476;49;45;63;80;52;36;43;89;72;77;30;112;105;195;99;178;333;303;203;235;163;145;94;48;40;68;85;47;37;6;3;0;49;240;347;112;300;1514;287;240;46
202012;05020626;05;02;06;26;2;6837;3582;3255;79;107;120;188;95;101;89;197;167;151;83;244;191;349;254;425;737;596;539;507;430;380;164;89;93;121;161;101;51;22;6;0;79;510;788;244;540;3488;633;476;79
202012;05020627;05;02;06;27;2;2092;1149;943;30;37;30;78;25;31;37;61;75;74;25;108;73;127;96;114;176;171;139;145;128;108;34;31;15;42;45;16;9;9;3;0;30;170;303;108;200;969;173;118;21
202012;05020628;05;02;06;28;2;550;282;268;6;7;15;27;7;7;15;18;13;9;10;29;10;20;9;16;26;58;28;44;46;51;21;9;12;0;18;3;16;0;0;0;6;56;72;29;30;227;81;33;16
202012;05020629;05;02;06;29;2;721;337;384;7;10;10;25;7;16;3;18;18;22;9;24;6;18;16;24;48;71;58;24;58;64;34;12;9;17;39;24;11;13;6;0;7;52;86;24;24;299;110;89;30
202012;05030730;05;03;07;30;2;2551;1292;1259;36;52;49;97;47;39;41;80;79;86;40;120;52;101;64;112;172;234;247;217;205;156;55;26;31;18;49;33;3;7;3;0;36;245;365;120;153;1251;237;131;13
202012;05030731;05;03;07;31;2;5366;2624;2742;59;84;79;170;87;80;75;130;156;140;56;183;120;194;163;259;470;459;432;375;336;331;184;130;104;142;170;90;66;32;10;0;59;420;637;183;314;2494;645;506;108
202012;05030832;05;03;08;32;2;5881;3082;2799;65;82;95;180;78;87;76;178;165;145;75;200;160;299;227;322;544;482;470;393;372;309;139;87;106;143;212;99;54;30;4;3;65;435;726;200;459;2810;535;560;91
202012;05030833;05;03;08;33;2;240;120;120;0;0;0;7;6;0;5;3;0;9;3;9;0;11;7;24;32;20;19;18;16;17;6;4;0;11;10;3;0;0;0;0;0;13;20;9;11;136;27;24;0
202012;05040934;05;04;09;34;2;637;335;302;0;12;6;21;16;12;3;21;29;26;13;33;16;13;12;17;37;41;47;41;35;50;19;19;21;18;12;22;13;8;0;4;0;55;104;33;29;230;88;73;25
202012;05040935;05;04;09;35;2;107;57;50;3;0;0;0;3;6;0;0;0;0;0;0;6;9;3;3;0;18;6;3;12;6;6;0;3;0;13;7;0;0;0;0;3;3;6;0;15;45;12;23;0
202012;05040936;05;04;09;36;2;1912;913;999;22;22;25;82;51;45;49;57;83;97;27;112;34;40;34;16;89;132;155;182;140;114;58;33;21;47;81;29;22;6;7;0;22;180;358;112;74;748;205;178;35
202012;05040937;05;04;09;37;2;375;170;205;0;6;3;9;9;6;3;10;18;7;6;25;10;16;10;10;27;6;25;30;36;15;16;12;6;23;9;6;10;6;0;0;0;27;50;25;26;144;43;44;16
202012;05040938;05;04;09;38;2;587;277;310;12;6;12;19;12;6;6;23;27;30;15;31;10;18;6;9;27;34;58;47;38;44;12;9;3;22;18;24;6;3;0;0;12;49;107;31;28;219;65;67;9
202012;06010101;06;01;01;01;2;1879;887;992;12;22;16;45;25;21;38;52;46;54;21;69;65;90;69;91;128;148;129;151;138;116;47;47;34;29;73;42;42;13;6;0;12;108;232;69;155;854;210;178;61
202012;06010102;06;01;01;02;2;3211;1552;1659;42;42;47;78;45;61;42;78;80;75;32;101;77;136;100;168;288;308;270;234;223;192;87;58;62;70;104;62;24;16;6;3;42;212;368;101;213;1591;337;298;49
202012;06010103;06;01;01;03;2;2055;1000;1055;15;29;33;55;28;18;22;35;63;45;25;73;45;88;55;113;190;191;177;169;148;95;56;41;23;66;78;49;18;6;0;6;15;145;208;73;133;1043;192;216;30
202012;06010204;06;01;02;04;2;2471;1257;1214;30;27;34;73;16;28;33;53;52;68;33;83;60;140;67;112;251;208;213;162;183;158;62;44;38;60;98;43;30;6;0;6;30;150;267;83;200;1196;264;239;42
202012;06010205;06;01;02;05;2;3328;1608;1720;52;43;64;109;41;36;39;73;100;61;27;106;80;161;93;222;364;243;267;236;257;180;101;77;49;60;71;43;53;6;14;0;52;257;336;106;241;1682;358;223;73
202012;06010206;06;01;02;06;2;2340;1150;1190;15;36;39;49;23;36;38;63;35;70;19;83;56;102;68;84;235;222;183;169;144;137;56;41;33;63;86;77;47;16;15;0;15;147;261;83;158;1105;234;259;78
202012;06010207;06;01;02;07;2;2762;1351;1411;35;43;43;87;42;30;45;61;53;66;27;92;65;103;104;162;276;264;206;185;174;146;102;67;44;55;90;43;27;15;6;4;35;215;282;92;168;1371;315;232;52
202012;06010208;06;01;02;08;2;2147;1046;1101;18;32;25;57;41;23;23;38;50;50;15;57;24;81;62;102;250;208;162;146;138;136;82;25;41;53;108;51;24;22;3;0;18;155;199;57;105;1068;243;253;49
202012;06010209;06;01;02;09;2;3337;1603;1734;36;55;52;102;48;40;43;97;89;63;34;76;58;144;113;172;364;313;268;256;200;169;102;60;65;74;104;84;34;19;0;3;36;257;366;76;202;1686;331;327;56
202012;06010210;06;01;02;10;2;1422;712;710;16;25;15;33;28;25;14;46;37;24;9;36;12;63;28;73;113;118;104;123;114;89;75;30;27;25;55;29;28;4;4;0;16;101;155;36;75;673;194;136;36
202012;06020301;06;02;03;01;2;1198;596;602;18;15;15;31;21;28;22;34;25;25;15;50;22;40;34;65;110;98;73;94;90;67;29;15;15;24;55;34;13;15;6;0;18;82;149;50;62;564;111;128;34
202012;06020302;06;02;03;02;2;1944;1026;918;30;36;28;56;29;22;36;35;59;33;24;76;59;119;67;84;186;167;190;119;87;99;50;27;27;44;69;36;38;3;3;6;30;149;209;76;178;900;176;176;50
202012;06020303;06;02;03;03;2;2395;1204;1191;40;34;43;68;38;30;36;86;48;54;19;49;47;90;75;133;270;221;198;181;125;150;96;40;33;59;56;46;18;9;3;0;40;183;273;49;137;1203;286;194;30
202012;06020304;06;02;03;04;2;2224;1131;1093;37;40;39;88;21;29;27;52;52;53;29;70;57;106;64;112;248;199;172;170;153;111;63;43;22;33;74;36;15;6;3;0;37;188;242;70;163;1118;217;165;24
202012;06020305;06;02;03;05;2;4072;2025;2047;40;49;51;133;58;55;55;91;123;98;56;116;103;273;151;255;350;345;333;289;223;185;104;79;59;103;124;56;75;28;6;6;40;291;478;116;376;1946;368;342;115
202012;06020306;06;02;03;06;2;1313;625;688;15;9;25;33;16;21;28;37;30;27;12;34;38;43;43;50;119;80;77;105;100;98;62;26;34;42;39;40;24;6;0;0;15;83;155;34;81;574;186;155;30
202012;06020407;06;02;04;07;2;2337;1178;1159;16;22;29;60;19;41;26;57;77;73;39;69;46;106;66;137;226;186;184;168;126;162;54;71;51;62;76;55;12;15;6;0;16;130;313;69;152;1093;287;244;33
202012;06020408;06;02;04;08;2;2047;1042;1005;27;36;40;66;28;32;27;63;58;62;38;98;57;103;53;110;155;170;161;140;134;104;82;33;25;24;35;24;38;15;6;3;27;170;280;98;160;923;219;108;62
202012;06020409;06;02;04;09;2;2221;1120;1101;15;38;31;70;30;28;37;60;58;52;24;95;60;122;51;91;180;180;188;152;150;123;57;46;36;44;85;57;38;14;6;3;15;169;259;95;182;992;226;222;61
202012;06020410;06;02;04;10;2;1541;760;781;30;21;27;40;25;16;21;35;53;46;10;45;65;94;41;83;129;108;115;104;102;63;57;29;15;42;47;42;18;9;9;0;30;113;181;45;159;682;149;146;36
202012;06020411;06;02;04;11;2;2346;1127;1219;15;33;32;96;64;38;33;91;71;78;35;103;60;86;52;82;152;201;168;187;141;113;83;44;43;71;65;48;37;12;9;3;15;225;346;103;146;983;240;227;61
202012;06030501;06;03;05;01;2;1365;748;617;12;12;15;31;24;23;15;36;43;38;29;62;50;94;71;74;83;96;100;101;90;65;27;24;15;35;31;28;29;9;0;3;12;82;184;62;144;615;116;109;41
202012;06030502;06;03;05;02;2;1397;676;721;18;18;15;47;17;24;19;51;27;46;28;58;48;60;39;61;104;115;107;100;97;51;43;27;33;36;33;24;21;20;7;3;18;97;195;58;108;623;121;126;51
202012;06030503;06;03;05;03;2;3484;1672;1812;44;47;55;81;65;49;58;91;105;95;47;140;61;144;107;129;307;270;274;287;222;209;97;71;63;93;121;84;47;15;0;6;44;248;445;140;205;1596;377;361;68
202012;06030504;06;03;05;04;2;2584;1197;1387;21;24;39;68;28;46;34;98;95;93;43;109;89;111;56;81;142;178;186;178;188;169;89;52;42;46;119;88;40;16;16;0;21;159;409;109;200;1009;310;295;72
202012;06030605;06;03;06;05;2;2003;962;1041;18;24;25;36;17;21;19;35;63;53;19;64;51;98;63;120;169;172;162;154;150;139;61;23;31;74;58;28;25;21;10;0;18;102;210;64;149;990;223;191;56
202012;06030606;06;03;06;06;2;2203;1144;1059;37;45;45;66;44;25;25;64;60;67;40;95;84;99;94;137;215;166;143;140;95;125;71;25;18;36;65;30;26;15;6;0;37;200;281;95;183;990;221;149;47
202012;06030607;06;03;06;07;2;1209;647;562;6;12;6;34;14;6;9;19;21;22;10;34;57;197;108;139;103;98;69;56;39;41;30;18;10;11;19;12;3;6;0;0;6;66;87;34;254;612;89;52;9
202012;06030608;06;03;06;08;2;3997;2040;1957;37;43;61;133;73;62;74;139;142;146;86;180;125;209;94;154;244;344;316;324;261;220;91;75;44;85;95;73;38;20;6;3;37;310;649;180;334;1737;386;297;67
202012;06030609;06;03;06;09;2;3075;1480;1595;21;38;39;91;44;49;53;104;86;77;39;103;72;146;80;158;278;262;224;239;201;184;129;35;58;53;111;55;27;16;0;3;21;212;408;103;218;1442;348;277;46
202012;06030610;06;03;06;10;2;2064;984;1080;22;25;40;61;28;24;24;78;60;72;54;87;46;91;46;75;164;183;116;146;137;125;56;23;33;58;65;51;50;12;9;3;22;154;312;87;137;867;204;207;74
202012;06040701;06;04;07;01;2;2294;1156;1138;24;24;19;71;27;31;54;71;74;71;25;97;67;87;50;93;138;152;177;167;181;152;64;35;34;65;92;90;44;6;3;9;24;141;326;97;154;958;251;281;62
202012;06040702;06;04;07;02;2;1103;540;563;9;12;12;41;15;15;19;40;31;40;12;65;28;48;15;21;34;77;84;89;101;70;31;19;18;49;35;35;26;6;6;0;9;80;157;65;76;421;120;137;38
202012;06040703;06;04;07;03;2;3622;1884;1738;27;21;31;65;38;37;34;91;66;73;34;92;183;481;293;342;361;213;197;188;151;172;62;44;51;55;91;68;39;22;0;0;27;155;335;92;664;1745;278;265;61
202012;06040804;06;04;08;04;2;1415;675;740;17;12;15;34;24;27;21;44;42;40;24;64;51;55;36;46;70;81;81;86;113;105;65;29;16;25;68;58;32;18;10;6;17;85;198;64;106;513;199;167;66
202012;06040805;06;04;08;05;2;1230;587;643;6;14;15;44;18;18;23;56;39;50;22;57;42;48;31;44;72;91;82;91;81;65;31;13;30;40;45;38;9;15;0;0;6;91;208;57;90;492;109;153;24
202012;06040806;06;04;08;06;2;1225;548;677;12;12;15;31;24;19;22;35;28;39;15;50;27;59;28;49;103;70;92;81;83;83;23;37;34;24;58;33;22;10;7;0;12;82;158;50;86;506;143;149;39
202012;06040807;06;04;08;07;2;1496;710;786;18;18;16;51;15;19;21;46;50;43;33;60;32;54;36;59;119;114;115;112;103;83;50;19;28;29;60;47;30;13;3;0;18;100;212;60;86;658;152;164;46
202012;06040808;06;04;08;08;2;1808;886;922;18;18;24;68;42;34;33;77;55;82;29;101;56;71;30;29;77;126;158;192;134;107;57;35;19;37;41;28;21;3;6;0;18;152;310;101;127;746;199;125;30
202012;06040809;06;04;08;09;2;1501;721;780;12;6;21;39;15;18;16;27;53;48;30;51;55;80;38;61;99;109;74;97;134;98;50;20;36;40;74;42;37;18;3;0;12;81;192;51;135;612;168;192;58
202012;06040810;06;04;08;10;2;2346;1116;1230;21;36;23;64;39;36;28;71;64;68;33;119;85;108;66;91;163;212;150;164;178;124;83;47;37;56;69;56;21;19;6;9;21;162;300;119;193;1024;254;218;55
202012;07010101;07;01;01;01;1;4807;2527;2280;34;58;42;94;48;53;27;85;93;77;37;106;83;238;141;264;465;410;394;357;354;322;176;129;117;151;200;115;78;41;14;4;34;242;372;106;321;2385;627;583;137
202012;07010102;07;01;01;02;1;9340;4910;4430;77;111;112;237;109;105;107;203;181;208;111;305;244;493;355;530;907;774;704;701;633;574;294;170;153;176;333;190;145;67;22;9;77;569;915;305;737;4604;1038;852;243
202012;07010103;07;01;01;03;1;4194;2133;2061;41;57;54;107;51;34;47;87;84;73;46;126;77;199;144;293;451;389;325;317;268;249;126;79;82;104;137;79;47;18;3;0;41;269;371;126;276;2187;454;402;68
202012;07010104;07;01;01;04;1;7600;3845;3755;79;81;86;166;68;82;89;157;150;186;105;248;163;363;242;425;754;667;526;613;516;460;201;161;136;124;281;218;151;57;34;11;79;401;769;248;526;3743;822;759;253
202012;07020201;07;02;02;01;1;3839;1951;1888;40;50;51;96;52;39;50;92;87;58;46;100;68;165;112;236;384;318;304;286;284;256;100;53;76;83;170;89;50;29;9;6;40;249;372;100;233;1924;409;418;94
202012;07020202;07;02;02;02;1;4793;2532;2261;60;71;80;144;69;59;53;99;113;90;51;156;83;243;187;351;552;479;420;336;291;220;119;73;55;64;112;84;45;21;10;3;60;364;465;156;326;2616;412;315;79
202012;07020203;07;02;02;03;1;7934;4055;3879;97;85;83;186;88;84;98;174;167;175;88;228;183;373;295;506;895;749;608;565;557;457;225;129;120;176;233;153;111;27;16;3;97;442;786;228;556;4175;811;682;157
202012;07020204;07;02;02;04;1;4916;2488;2428;54;66;75;116;70;62;50;98;111;93;43;116;126;259;218;388;622;533;420;308;274;266;99;61;65;77;102;90;35;10;6;3;54;327;457;116;385;2763;426;334;54
202012;07030301;07;03;03;01;1;7015;3326;3689;85;78;92;181;83;86;92;159;186;182;103;234;183;390;256;434;664;571;568;531;441;373;174;136;118;139;218;129;82;25;16;6;85;434;808;234;573;3465;683;604;129
202012;07030302;07;03;03;02;1;3043;1487;1556;34;50;36;82;42;28;29;67;55;56;33;103;77;147;93;189;326;268;224;205;210;161;101;56;54;93;92;64;58;10;0;0;34;210;268;103;224;1515;318;303;68
202012;07030303;07;03;03;03;1;5489;2779;2710;72;65;73;144;80;73;62;130;158;158;71;197;116;266;176;277;516;504;403;410;377;349;172;85;73;109;161;111;53;25;13;10;72;362;652;197;382;2663;606;454;101
202012;07040401;07;04;04;01;2;6768;3330;3438;70;93;103;192;105;96;71;192;179;161;87;223;133;284;173;359;633;621;538;510;487;440;176;111;102;124;215;126;99;44;9;12;70;493;786;223;417;3321;727;567;164
202012;07040402;07;04;04;02;2;497;255;242;0;3;3;15;10;12;9;15;3;19;7;25;11;10;10;13;41;37;46;31;55;31;22;3;9;15;24;6;6;3;0;3;0;31;65;25;21;233;56;54;12
202012;07040403;07;04;04;03;2;9718;4940;4778;141;162;156;322;126;125;140;238;220;234;114;294;227;517;354;615;1115;959;794;649;550;457;214;160;135;133;241;162;110;28;17;9;141;766;1071;294;744;5036;831;671;164
202012;07040404;07;04;04;04;2;1433;729;704;25;20;29;34;16;13;14;29;37;32;16;65;28;80;53;93;142;110;82;101;86;79;33;20;20;48;51;27;19;25;3;3;25;99;141;65;108;667;132;146;50
202012;07040405;07;04;04;05;2;5116;2682;2434;85;102;75;152;72;78;84;123;136;122;54;170;164;278;174;307;602;442;375;355;280;252;131;59;63;78;129;53;68;31;19;3;85;401;597;170;442;2535;442;323;121
202012;07040406;07;04;04;06;2;2275;1231;1044;46;46;39;75;40;28;43;48;64;27;19;42;42;101;79;223;308;237;171;146;140;105;48;28;28;18;44;25;12;3;0;0;46;200;229;42;143;1304;181;115;15
202012;07050501;07;05;05;01;2;7178;3612;3566;113;140;116;236;114;105;93;192;184;186;81;214;158;291;248;507;740;666;500;514;406;386;197;108;104;145;203;101;76;34;13;7;113;606;841;214;449;3581;691;553;130
202012;07050502;07;05;05;02;2;3266;1681;1585;45;43;46;106;41;47;41;96;73;81;39;135;77;176;112;170;349;265;265;241;210;179;97;64;40;58;80;45;18;12;12;3;45;236;377;135;253;1612;340;223;45
202012;07050503;07;05;05;03;2;3086;1530;1556;30;45;55;87;36;46;35;54;64;64;42;101;47;120;104;175;295;274;224;236;207;175;90;58;60;106;131;60;34;25;3;3;30;223;305;101;167;1515;323;357;65
202012;07050504;07;05;05;04;2;1940;973;967;42;29;42;56;31;15;21;55;56;41;22;60;55;95;59;99;184;154;140;160;140;117;62;37;50;19;37;18;27;14;3;0;42;158;210;60;150;936;216;124;44
202012;07050505;07;05;05;05;2;3192;1577;1615;44;69;45;110;67;48;42;71;87;79;57;136;73;149;79;147;274;244;234;240;212;172;76;57;53;75;97;60;59;16;10;10;44;291;384;136;222;1430;305;285;95
202012;07050506;07;05;05;06;2;535;282;253;3;6;9;9;3;7;3;17;18;23;3;26;25;16;3;21;34;43;45;47;48;32;3;17;14;9;29;13;6;0;3;0;3;27;71;26;41;241;52;65;9
202012;07060601;07;06;06;01;2;4368;2299;2069;62;68;72;150;79;74;71;161;126;146;78;230;157;204;121;227;311;375;314;271;270;181;119;65;63;77;119;52;65;34;17;9;62;369;656;230;361;1889;365;311;125
202012;07060602;07;06;06;02;2;1227;626;601;19;15;16;40;18;12;14;30;36;39;22;58;23;34;16;56;114;83;93;112;93;87;26;32;9;31;46;23;24;3;3;0;19;89;153;58;57;567;145;109;30
202012;07060603;07;06;06;03;2;1147;567;580;12;22;10;44;19;21;13;42;45;55;18;68;35;58;22;40;62;76;104;98;61;75;21;18;16;19;31;27;9;3;3;0;12;95;194;68;93;463;114;93;15
202012;07060604;07;06;06;04;2;5765;2789;2976;62;98;89;168;104;86;72;156;189;141;96;203;109;257;129;203;484;436;474;418;325;360;205;128;129;181;185;106;107;40;19;6;62;459;740;203;366;2469;693;601;172
202012;07070701;07;07;07;01;2;2428;1212;1216;27;42;54;90;28;27;27;53;84;72;39;115;66;122;65;87;159;192;216;187;153;131;64;28;52;68;82;57;22;19;0;0;27;214;302;115;188;1059;223;259;41
202012;07070702;07;07;07;02;2;2521;1235;1286;44;51;44;104;49;58;38;66;84;93;33;106;68;72;62;97;193;156;199;197;182;171;73;34;38;45;69;38;30;15;12;0;44;248;372;106;140;1086;278;190;57
202012;07070703;07;07;07;03;2;2598;1284;1314;30;48;44;103;55;45;38;84;85;93;30;82;54;106;58;89;191;240;181;195;176;135;90;61;44;59;75;49;49;3;6;0;30;250;375;82;160;1130;286;227;58
202012;07070704;07;07;07;04;2;3393;1688;1705;30;56;48;114;76;65;66;119;123;145;70;194;125;157;81;122;197;246;258;218;216;184;98;48;55;78;81;53;53;10;7;0;30;294;588;194;282;1338;330;267;70
202012;07070705;07;07;07;05;2;1401;702;699;19;27;25;58;10;20;25;32;47;44;24;72;34;44;17;45;105;103;118;116;101;107;44;28;16;18;52;16;18;9;3;4;19;120;192;72;78;605;179;102;34
202012;07070706;07;07;07;06;2;854;460;394;10;23;24;40;12;21;14;26;29;29;14;33;16;39;45;52;75;46;67;36;40;50;33;12;6;4;22;16;10;3;7;0;10;99;133;33;55;361;95;48;20
202012;07070707;07;07;07;07;2;561;257;304;15;18;10;27;9;15;9;29;7;19;0;29;3;32;9;15;45;42;33;37;41;31;18;6;3;12;18;9;6;14;0;0;15;64;79;29;35;222;55;42;20
202012;08010115;08;01;01;15;1;477;258;219;6;6;3;26;3;6;7;6;13;7;3;9;0;18;24;45;86;76;31;9;23;15;9;3;7;16;10;3;7;0;0;0;6;38;42;9;18;294;27;36;7
202012;08010116;08;01;01;16;1;2069;1111;958;16;20;29;33;15;18;22;38;37;30;20;46;50;98;80;150;284;222;175;164;124;120;49;28;37;31;46;35;34;15;3;0;16;97;165;46;148;1199;197;149;52
202012;08010117;08;01;01;17;1;8110;4268;3842;77;116;71;188;76;62;65;148;159;166;75;219;195;352;301;580;1326;1036;749;503;446;352;164;99;77;119;199;109;60;18;0;3;77;451;675;219;547;4941;615;504;81
202012;08010118;08;01;01;18;1;7493;3935;3558;83;86;96;209;92;90;93;186;177;207;113;303;214;392;316;552;1025;730;587;487;420;341;144;84;74;89;130;84;52;19;15;3;83;483;866;303;606;4117;569;377;89
202012;08010211;08;01;02;11;1;5673;2913;2760;44;57;58;107;45;64;47;105;114;113;65;179;132;239;234;437;834;652;473;368;339;325;111;93;69;80;105;91;69;15;9;0;44;267;508;179;371;3337;529;345;93
202012;08010212;08;01;02;12;1;5015;2537;2478;36;41;61;150;74;71;51;166;149;189;96;233;182;190;105;220;462;472;386;387;310;261;110;92;70;100;142;117;63;25;4;0;36;326;722;233;372;2342;463;429;92
202012;08010213;08;01;02;13;1;6818;3556;3262;90;68;83;181;72;100;88;154;157;153;76;222;181;349;257;536;882;757;569;460;395;309;137;75;57;90;139;95;55;18;10;3;90;404;728;222;530;3856;521;381;86
202012;08010214;08;01;02;14;1;5092;2663;2429;49;62;53;106;51;63;69;118;120;119;76;193;177;339;211;351;627;457;407;350;324;271;103;74;60;56;96;55;25;20;10;0;49;272;565;193;516;2727;448;267;55
202012;08010301;08;01;03;01;1;13507;6928;6579;132;141;162;285;150;148;121;246;237;256;131;361;237;542;463;1003;2020;1792;1367;938;760;606;269;141;143;184;314;196;115;40;7;0;132;738;1139;361;779;8343;1016;837;162
202012;08010302;08;01;03;02;1;1470;729;741;15;31;14;48;9;12;12;30;40;44;12;55;45;35;54;99;155;136;152;115;80;66;35;31;21;29;46;16;18;15;0;0;15;102;150;55;80;791;132;112;33
202012;08010303;08;01;03;03;1;5054;2635;2419;52;40;50;97;52;47;60;114;118;101;56;169;113;263;196;385;738;595;444;319;285;217;105;53;55;79;113;73;52;7;0;6;52;239;496;169;376;2962;375;320;65
202012;08010404;08;01;04;04;1;12312;6499;5813;125;138;154;290;137;151;131;275;271;301;139;406;308;621;443;944;1798;1431;963;807;606;573;253;119;134;191;288;162;106;34;13;0;125;719;1268;406;929;6992;945;775;153
202012;08010405;08;01;04;05;1;4223;2169;2054;51;48;50;92;42;38;38;98;90;102;56;115;112;196;134;343;692;494;367;288;216;184;80;56;55;59;57;24;25;12;6;3;51;232;422;115;308;2534;320;195;46
202012;08010406;08;01;04;06;1;4302;2253;2049;56;74;81;166;87;81;72;136;120;136;51;175;100;168;159;319;519;449;362;267;192;189;84;46;33;40;44;57;27;12;0;0;56;408;596;175;268;2267;319;174;39
202012;08010407;08;01;04;07;1;353;188;165;0;3;3;6;3;3;3;0;0;9;0;3;9;13;21;37;68;44;28;21;30;13;3;6;3;3;9;6;3;3;0;0;0;15;15;3;22;249;22;21;6
202012;08010508;08;01;05;08;1;4287;2260;2027;72;88;86;175;88;88;75;168;148;121;67;147;133;256;136;303;388;341;253;276;246;229;95;58;42;42;67;56;40;0;0;3;72;437;667;147;389;1943;382;207;43
202012;08010509;08;01;05;09;1;6053;3084;2969;60;90;108;183;109;123;119;255;268;240;108;323;203;259;158;256;492;439;407;450;410;337;131;72;60;104;105;92;58;28;6;0;60;490;1113;323;462;2612;540;361;92
202012;08010510;08;01;05;10;1;293;180;113;3;3;0;3;3;3;7;3;16;0;3;9;9;26;21;16;28;29;25;24;19;31;9;0;0;0;0;0;3;0;0;0;3;9;32;9;35;162;40;0;3
202012;08020619;08;02;06;19;2;6596;3643;2953;110;115;119;224;107;107;106;184;201;162;95;264;187;390;263;464;705;563;508;416;411;297;142;81;54;59;114;79;51;9;9;0;110;565;855;264;577;3330;520;306;69
202012;08020620;08;02;06;20;2;4380;2259;2121;58;76;79;132;52;83;52;120;122;111;52;163;106;224;136;292;468;384;330;308;236;266;112;51;74;71;118;54;31;16;0;3;58;339;540;163;330;2154;429;317;50
202012;08020621;08;02;06;21;2;627;296;331;7;6;3;26;6;9;14;24;21;25;9;31;9;34;0;15;41;44;30;56;60;58;21;22;12;15;12;6;0;11;0;0;7;41;102;31;43;246;101;45;11
202012;08020622;08;02;06;22;2;4234;2145;2089;81;79;72;140;76;66;74;111;93;84;46;116;76;157;126;253;481;364;311;311;232;208;130;76;73;93;142;83;49;18;13;0;81;367;474;116;233;2078;414;391;80
202012;08020623;08;02;06;23;2;419;193;226;3;9;6;21;3;0;7;10;10;19;9;20;12;12;3;30;38;10;31;25;28;40;16;12;16;9;6;0;11;3;0;0;3;39;55;20;24;165;68;31;14
202012;08020624;08;02;06;24;2;528;280;248;12;6;9;12;9;12;10;18;18;18;13;24;6;29;17;21;22;49;50;46;42;35;0;3;9;6;19;10;3;0;0;0;12;36;89;24;35;247;38;44;3
202012;08020625;08;02;06;25;2;1072;581;491;3;11;12;18;16;14;15;24;31;36;12;45;23;41;42;61;76;75;89;87;104;68;25;21;15;23;35;19;25;3;0;3;3;57;132;45;64;534;114;92;31
202012;08020726;08;02;07;26;2;2339;1174;1165;38;51;44;82;52;27;30;47;68;51;21;94;46;101;59;93;204;180;154;173;166;188;65;43;45;62;74;54;21;3;3;0;38;229;244;94;147;1029;296;235;27
202012;08020727;08;02;07;27;2;3628;1838;1790;47;49;59;135;72;58;62;129;133;116;62;164;108;145;87;160;302;283;277;259;272;188;112;46;36;74;91;50;39;13;0;0;47;315;560;164;253;1640;346;251;52
202012;08020728;08;02;07;28;2;4052;2133;1919;42;51;61;161;66;79;72;151;125;124;67;185;119;238;148;217;358;317;318;283;242;178;91;55;48;67;74;52;41;10;12;0;42;339;618;185;357;1883;324;241;63
202012;08030829;08;03;08;29;2;6603;3263;3340;110;122;124;231;115;98;94;204;191;189;90;295;167;262;180;326;574;499;467;418;394;395;214;144;114;150;154;117;101;45;19;0;110;592;866;295;429;2858;753;535;165
202012;08030830;08;03;08;30;2;3194;1592;1602;49;54;58;93;38;45;40;91;66;90;27;97;69;135;101;186;296;216;221;213;223;187;109;77;67;90;109;75;41;25;3;3;49;243;359;97;204;1456;373;341;72
202012;08030831;08;03;08;31;2;9538;4788;4750;140;175;166;364;174;150;134;267;263;269;157;389;205;415;261;486;815;689;711;645;578;616;314;197;158;202;270;125;116;63;18;6;140;879;1240;389;620;4185;1127;755;203
202012;08040932;08;04;09;32;2;943;446;497;16;24;21;28;28;18;27;38;33;30;24;53;22;33;16;27;68;85;78;82;36;38;19;16;13;26;28;7;6;3;0;0;16;101;170;53;55;392;73;74;9
202012;08040933;08;04;09;33;2;1421;721;700;19;27;27;58;16;15;15;42;30;27;14;49;32;62;47;70;108;97;101;108;124;83;44;30;20;26;67;31;23;6;0;3;19;128;143;49;94;655;157;144;32
202012;08040934;08;04;09;34;2;930;464;466;6;6;15;34;22;12;3;30;26;33;11;65;29;49;21;54;62;73;43;67;84;75;28;12;9;21;9;12;13;6;0;0;6;77;115;65;78;404;115;51;19
202012;08041035;08;04;10;35;2;3004;1535;1469;48;43;46;100;54;42;50;89;101;80;46;157;94;144;82;110;204;228;227;259;221;180;69;49;43;77;58;46;34;20;3;0;48;243;408;157;238;1331;298;224;57
202012;08041036;08;04;10;36;2;1783;908;875;12;22;24;51;26;29;31;64;70;66;26;82;53;81;51;52;106;141;146;121;129;122;58;28;28;33;59;35;28;9;0;0;12;123;286;82;134;746;208;155;37
202012;08041037;08;04;10;37;2;3006;1534;1472;42;49;59;114;43;46;53;104;73;90;39;128;73;152;74;172;261;206;194;200;201;176;98;40;54;63;100;53;24;16;9;0;42;265;405;128;225;1308;314;270;49
202012;08041038;08;04;10;38;2;1769;886;883;9;38;31;61;18;46;34;60;45;68;37;77;44;85;45;67;95;131;128;143;133;100;60;24;10;48;41;51;24;9;7;0;9;148;290;77;129;742;184;150;40
202012;08041039;08;04;10;39;2;1131;545;586;20;18;19;43;20;24;19;34;37;36;17;57;22;39;25;45;108;78;83;76;101;82;28;16;16;18;19;16;12;0;3;0;20;100;167;57;61;516;126;69;15
202012;08041040;08;04;10;40;2;2150;1077;1073;37;51;28;87;30;32;30;67;64;68;45;98;46;86;62;91;137;132;202;176;125;139;68;36;30;56;63;26;19;13;6;0;37;196;306;98;132;925;243;175;38
202012;09010101;09;01;01;01;2;4356;2225;2131;71;75;89;161;64;57;61;107;84;80;49;128;81;155;161;311;685;608;399;321;216;132;65;24;22;31;46;50;6;9;4;4;71;389;438;128;236;2701;221;149;23
202012;09010102;09;01;01;02;2;13;13;0;0;0;0;4;0;0;0;0;0;0;0;0;0;0;0;3;0;3;3;0;0;0;0;0;0;0;0;0;0;0;0;0;0;4;0;0;0;9;0;0;0
202012;09010201;09;01;02;01;2;855;425;430;15;15;14;25;15;17;12;21;27;13;14;25;17;47;28;57;109;86;92;55;53;32;18;6;0;13;9;6;8;3;3;0;15;69;104;25;64;480;56;28;14
202012;09010202;09;01;02;02;2;1374;727;647;21;29;35;40;19;23;16;33;6;15;10;12;20;104;85;164;214;162;89;81;34;52;15;3;11;0;26;21;24;7;3;0;21;123;103;12;124;829;70;58;34
202012;09010301;09;01;03;01;2;2855;1462;1393;46;49;45;95;42;25;33;30;59;53;29;44;56;176;140;275;503;316;203;149;146;76;44;24;21;21;15;50;40;31;16;3;46;231;229;44;232;1732;144;107;90
202012;09010302;09;01;03;02;2;951;477;474;13;23;23;41;22;27;17;41;33;35;18;73;34;29;18;44;50;77;64;57;54;59;18;6;9;15;13;23;9;6;0;0;13;109;171;73;63;364;83;60;15
202012;09010401;09;01;04;01;2;1093;540;553;27;36;22;36;30;10;13;23;18;25;7;34;25;67;60;81;152;120;62;41;33;36;19;6;10;9;6;42;22;9;6;6;27;124;96;34;92;549;61;67;43
202012;09010402;09;01;04;02;2;1988;989;999;34;49;41;89;20;38;25;51;57;50;25;75;43;94;82;143;207;162;170;127;119;82;32;19;22;34;24;24;32;15;3;0;34;199;246;75;137;1010;133;104;50
202012;09020501;09;02;05;01;2;2458;1360;1098;50;49;62;92;41;24;29;47;49;62;19;56;88;223;129;270;405;234;127;147;96;73;21;6;9;15;9;14;12;0;0;0;50;244;230;56;311;1408;100;47;12
202012;09020502;09;02;05;02;2;3912;1979;1933;68;75;87;150;79;66;59;87;83;70;48;111;155;352;202;321;546;351;252;191;148;135;44;39;19;25;39;35;25;38;9;3;68;391;413;111;507;2011;218;118;75
202012;09020601;09;02;06;01;2;2986;1642;1344;61;65;62;106;51;35;28;45;65;67;28;67;99;276;182;330;457;324;197;128;99;74;29;22;17;25;9;15;4;13;3;3;61;284;268;67;375;1717;125;66;23
202012;09020602;09;02;06;02;2;346;172;174;3;3;9;15;3;6;4;9;12;12;3;16;6;15;9;35;26;28;28;21;13;11;3;0;3;0;10;9;21;13;0;0;3;30;46;16;21;160;14;22;34
202012;09020701;09;02;07;01;2;1289;694;595;19;25;18;52;20;18;16;25;9;13;6;18;44;218;106;163;182;153;66;36;19;27;10;7;6;0;6;4;3;0;0;0;19;115;87;18;262;725;44;16;3
202012;09020702;09;02;07;02;2;3500;1878;1622;71;81;76;125;65;45;49;81;76;82;33;94;97;258;192;302;480;337;258;187;136;108;56;16;24;15;33;59;41;16;3;4;71;347;366;94;355;1892;180;131;64
202012;09020801;09;02;08;01;2;359;177;182;6;10;10;20;16;3;9;3;3;3;0;6;6;19;15;27;54;36;19;24;22;14;3;3;6;6;3;3;7;3;0;0;6;56;21;6;25;197;20;18;10
202012;09020802;09;02;08;02;2;1881;988;893;39;46;37;94;40;40;28;62;49;52;15;57;51;108;64;145;222;211;146;102;81;63;30;18;13;10;20;13;18;7;0;0;39;217;246;57;159;971;111;56;25
202012;09030901;09;03;09;01;2;2347;1187;1160;47;46;45;81;45;53;32;74;99;80;30;105;35;87;64;132;236;220;191;202;132;81;34;22;13;29;30;58;26;15;3;0;47;217;368;105;122;1177;137;130;44
202012;09030902;09;03;09;02;2;1055;535;520;12;13;30;45;29;28;25;37;27;29;21;51;37;49;39;57;79;65;61;66;55;49;27;24;10;16;18;28;15;3;7;3;12;117;167;51;86;422;100;72;28
202012;09030903;09;03;09;03;2;1717;849;868;28;43;36;76;39;32;46;74;48;55;28;75;49;94;55;61;144;159;109;100;85;84;50;25;18;21;27;18;29;6;3;0;28;194;283;75;143;713;159;84;38
202012;09031001;09;03;10;01;2;1841;999;842;22;36;31;67;31;29;25;33;56;61;30;70;62;104;78;113;156;163;163;117;115;88;41;13;9;21;18;52;19;9;9;0;22;165;234;70;166;905;142;100;37
202012;09031101;09;03;11;01;2;1127;562;565;30;31;34;44;18;28;19;23;27;34;12;24;21;69;27;64;150;124;80;73;43;25;21;12;12;16;9;19;19;16;3;0;30;127;143;24;90;561;58;56;38
202012;09031201;09;03;12;01;2;196;100;96;3;0;3;10;3;0;3;3;15;3;6;3;3;6;3;3;6;18;6;18;9;15;0;6;3;12;12;12;12;0;0;0;3;16;30;3;9;63;21;39;12
202012;09031202;09;03;12;02;2;281;138;143;6;9;6;15;6;9;6;9;3;10;0;3;3;3;9;0;30;30;27;9;25;3;6;9;3;6;13;10;10;0;0;3;6;36;37;3;6;130;18;32;13
202012;09041301;09;04;13;01;2;726;377;349;12;16;6;21;10;12;9;19;21;20;10;11;25;22;21;39;55;70;37;56;44;16;17;3;12;6;16;50;41;23;6;0;12;53;91;11;47;322;36;84;70
202012;09041302;09;04;13;02;2;210;92;118;6;3;7;9;0;9;9;4;10;3;4;6;0;7;9;7;20;9;9;19;7;10;0;6;0;13;6;9;6;0;3;0;6;19;39;6;7;80;16;28;9
202012;09041401;09;04;14;01;2;505;239;266;9;10;11;22;9;6;10;6;12;15;4;17;12;21;15;23;52;27;29;33;23;19;10;13;3;17;12;25;22;9;6;3;9;52;53;17;33;202;42;57;40
202012;09041402;09;04;14;02;2;253;117;136;3;6;13;19;3;4;6;7;9;3;3;17;0;6;4;12;21;12;32;24;9;6;6;0;6;0;13;6;0;0;0;3;3;41;32;17;6;114;12;25;3
202012;09041403;09;04;14;03;2;595;336;259;3;14;18;12;6;6;8;10;9;18;13;26;25;35;30;34;50;70;62;16;23;15;10;4;3;7;3;26;21;9;6;3;3;50;64;26;60;285;29;39;39
202012;09041501;09;04;15;01;2;1501;756;745;16;50;24;58;36;20;26;47;64;43;13;53;43;65;44;117;159;134;124;81;83;84;31;11;12;19;16;15;10;0;3;0;16;168;213;53;108;742;126;62;13
202012;09041601;09;04;16;01;2;601;296;305;8;4;9;22;9;6;6;19;22;34;10;19;15;21;7;9;56;56;58;41;37;53;16;6;9;4;16;7;16;3;3;0;8;44;97;19;36;264;75;36;22
202012;09051701;09;05;17;01;2;472;248;224;9;12;7;29;9;6;6;13;6;17;4;13;7;47;20;14;47;43;44;40;17;20;6;0;4;7;3;9;6;7;0;0;9;57;52;13;54;225;26;23;13
202012;09051702;09;05;17;02;2;1309;635;674;12;25;30;51;15;29;19;41;28;28;16;75;34;46;41;72;102;112;101;95;70;40;12;15;16;21;11;56;57;29;7;3;12;121;161;75;80;593;67;104;96
202012;09051801;09;05;18;01;2;1022;536;486;24;18;18;52;18;24;24;28;27;35;9;42;33;45;16;58;79;97;81;52;46;25;29;6;14;16;15;45;28;18;0;0;24;106;147;42;78;429;60;90;46
202012;09051901;09;05;19;01;2;1832;915;917;30;44;43;77;30;12;15;31;28;22;17;46;44;124;84;152;287;193;135;81;69;72;19;9;15;25;31;39;25;21;12;0;30;194;125;46;168;1001;100;110;58
202012;09052001;09;05;20;01;2;1294;623;671;22;18;27;39;12;22;19;34;28;32;18;46;30;58;67;83;161;93;103;90;65;49;13;22;6;6;16;42;31;35;3;4;22;96;153;46;88;662;84;70;73
202012;10010101;10;01;01;01;2;1600;777;823;16;38;27;76;34;32;22;48;44;49;34;71;54;43;42;72;143;115;124;106;62;87;38;22;30;50;61;13;35;9;3;0;16;175;229;71;97;664;147;154;47
202012;10010102;10;01;01;02;2;5123;2633;2490;80;85;87;185;89;89;92;170;191;171;89;236;123;250;146;258;440;462;379;339;260;226;143;94;72;111;102;50;73;21;10;0;80;446;802;236;373;2284;463;335;104
202012;10010203;10;01;02;03;2;836;577;259;19;23;22;34;17;13;13;13;31;25;20;11;43;81;46;81;110;70;66;37;24;22;6;3;0;0;3;0;3;0;0;0;19;96;115;11;124;434;31;3;3
202012;10010204;10;01;02;04;2;2735;1381;1354;41;49;63;130;69;36;48;98;83;99;27;113;56;143;89;130;271;240;198;159;126;117;58;44;47;46;50;38;48;6;10;3;41;311;391;113;199;1213;219;181;67
202012;10010205;10;01;02;05;2;1450;758;692;17;26;16;41;18;28;36;48;57;31;18;59;48;82;49;87;152;130;93;91;86;56;30;34;16;9;43;21;19;6;3;0;17;101;218;59;130;688;120;89;28
202012;10010206;10;01;02;06;2;4469;2341;2128;104;88;91;165;72;76;55;149;114;117;53;172;110;248;177;263;487;418;309;229;232;145;121;75;60;78;70;76;61;33;12;9;104;416;564;172;358;2115;341;284;115
202012;10010207;10;01;02;07;2;2877;1455;1422;47;48;36;106;53;59;45;96;73;98;40;124;79;149;93;145;291;243;210;168;157;131;74;33;42;58;49;34;48;32;16;0;47;243;411;124;228;1307;238;183;96
202012;10010308;10;01;03;08;2;659;391;268;6;6;6;20;4;13;3;25;18;12;9;21;27;45;35;44;50;59;69;60;36;39;13;6;12;0;9;6;6;0;0;0;6;36;80;21;72;353;58;27;6
202012;10010309;10;01;03;09;2;3948;2007;1941;55;62;60;135;60;54;64;125;118;145;62;153;96;203;138;192;427;336;298;276;176;198;76;56;50;64;74;86;60;34;15;0;55;317;568;153;299;1843;330;274;109
202012;10010310;10;01;03;10;2;4546;2299;2247;103;81;85;148;60;73;71;145;135;113;69;161;120;263;173;281;430;416;340;251;217;210;106;78;77;73;71;88;79;20;9;0;103;374;606;161;383;2108;394;309;108
202012;10010311;10;01;03;11;2;535;227;308;9;9;12;15;7;10;13;16;12;12;14;28;12;7;10;27;51;53;24;39;29;21;10;9;6;9;17;9;12;23;3;7;9;43;77;28;19;233;40;41;45
202012;10020412;10;02;04;12;2;2411;1168;1243;41;45;55;122;69;58;51;104;97;100;33;115;70;106;45;106;234;213;173;153;116;95;46;16;12;38;38;6;30;15;9;0;41;291;443;115;176;1040;157;94;54
202012;10020413;10;02;04;13;2;4039;2063;1976;78;83;95;217;84;89;66;139;121;95;49;147;101;254;161;279;432;362;299;174;178;134;70;51;59;28;27;60;64;29;14;0;78;479;559;147;355;1885;255;174;107
202012;10020414;10;02;04;14;2;847;422;425;15;0;13;25;22;6;13;47;25;19;9;40;27;45;31;42;106;83;56;72;28;43;12;9;9;13;18;6;3;3;7;0;15;60;119;40;72;418;64;46;13
202012;10020415;10;02;04;15;2;2463;1325;1138;42;56;58;113;48;67;45;72;74;51;45;82;76;160;102;172;264;242;175;118;114;92;46;30;21;33;21;17;18;9;0;0;42;275;354;82;236;1187;168;92;27
202012;10020416;10;02;04;16;2;1886;1030;856;27;36;33;55;36;21;40;51;55;62;21;69;46;114;95;119;202;172;154;152;89;83;34;34;12;25;22;12;12;3;0;0;27;160;250;69;160;983;151;71;15
202012;10020517;10;02;05;17;2;1874;940;934;62;55;47;94;31;42;18;58;62;54;25;54;58;115;79;143;201;140;120;105;82;53;28;31;19;18;19;26;20;6;9;0;62;227;259;54;173;870;112;82;35
202012;10020518;10;02;05;18;2;1338;671;667;34;47;37;72;38;22;34;48;41;49;27;42;37;71;51;62;139;111;101;80;59;49;19;3;13;6;16;7;23;0;0;0;34;194;221;42;108;603;71;42;23
202012;10020519;10;02;05;19;2;2081;1122;959;52;46;60;87;49;42;43;89;76;75;26;97;59;107;68;129;256;191;166;82;86;75;27;13;14;28;10;6;22;0;0;0;52;242;351;97;166;978;115;58;22
202012;10020620;10;02;06;20;2;707;351;356;6;15;9;20;19;15;9;25;12;7;10;21;10;40;29;37;109;70;35;52;19;18;14;10;19;27;13;15;7;6;6;3;6;63;78;21;50;351;42;74;22
202012;10020621;10;02;06;21;2;1532;742;790;27;34;52;95;47;33;28;39;38;38;16;50;48;76;69;117;193;110;98;95;56;62;13;19;9;12;19;24;6;6;3;0;27;228;192;50;124;738;94;64;15
202012;10020622;10;02;06;22;2;1516;739;777;15;48;29;46;24;35;9;41;44;21;15;50;31;62;48;119;174;124;127;85;71;64;35;6;18;28;42;41;34;27;3;0;15;147;165;50;93;748;105;129;64
202012;10020623;10;02;06;23;2;915;444;471;18;27;14;25;9;9;16;22;30;18;22;32;20;38;17;31;61;84;69;60;46;46;38;18;9;26;34;30;18;15;9;4;18;75;117;32;58;368;102;99;46
202012;10030724;10;03;07;24;2;1435;809;626;6;15;13;31;12;6;3;24;19;15;13;27;47;242;131;212;166;97;58;43;54;53;42;6;9;3;9;37;30;6;6;0;6;71;80;27;289;761;101;58;42
202012;10030725;10;03;07;25;2;1652;832;820;32;38;53;42;30;24;21;65;28;31;21;54;53;93;51;80;175;125;120;116;79;73;47;35;12;24;23;34;39;24;6;4;32;163;190;54;146;746;155;93;73
202012;10030726;10;03;07;26;2;722;363;359;15;12;13;28;18;11;14;24;27;24;13;20;20;30;7;41;89;78;49;42;31;31;15;3;12;10;6;15;8;9;3;4;15;71;113;20;50;337;49;43;24
202012;10030727;10;03;07;27;2;1239;637;602;19;19;21;47;12;38;16;34;34;44;31;45;26;60;31;49;80;119;103;80;63;67;30;13;12;30;22;55;26;10;3;0;19;99;197;45;86;525;110;119;39
202012;10040828;10;04;08;28;2;740;354;386;7;12;12;25;15;10;18;18;19;28;9;34;13;27;29;27;50;72;59;48;40;47;12;3;19;12;15;31;16;6;3;4;7;64;102;34;40;325;62;77;29
202012;10040829;10;04;08;29;2;429;230;199;10;6;15;6;9;6;6;13;18;3;6;16;3;27;12;27;51;46;28;34;31;11;4;0;3;6;4;18;6;4;0;0;10;36;52;16;30;229;15;31;10
202012;10040830;10;04;08;30;2;571;266;305;3;3;12;24;12;6;3;24;26;17;9;22;13;18;6;18;35;18;50;34;44;24;15;12;18;13;16;42;18;13;0;3;3;51;85;22;31;205;51;89;34
202012;10040931;10;04;09;31;2;908;439;469;9;15;18;21;18;7;9;30;46;15;21;43;34;49;16;38;62;79;87;44;43;64;17;28;3;9;18;25;21;15;4;0;9;72;128;43;83;369;109;55;40
202012;10040932;10;04;09;32;2;519;270;249;4;6;18;20;18;12;3;24;3;12;4;14;6;23;16;25;42;71;58;38;18;18;12;0;3;3;7;18;14;3;3;3;4;62;58;14;29;268;30;31;23
202012;10040933;10;04;09;33;2;1233;617;616;15;21;21;58;25;21;25;42;38;31;6;47;22;54;28;31;114;112;113;83;62;60;32;19;16;18;26;55;23;9;3;3;15;125;163;47;76;543;111;115;38
202012;11010101;11;01;01;01;2;84;51;33;3;3;6;0;3;0;0;3;0;0;0;0;3;3;0;12;9;9;0;9;6;6;3;3;0;3;0;0;0;0;0;0;3;12;3;0;6;45;12;3;0
202012;11010102;11;01;01;02;2;193;105;88;3;3;3;6;3;3;3;3;9;0;0;6;0;12;3;15;9;22;21;13;18;9;6;8;0;3;6;3;3;0;0;0;3;15;18;6;12;101;23;12;3
202012;11010103;11;01;01;03;2;728;396;332;39;15;18;38;16;15;15;26;28;29;12;24;43;67;26;53;59;40;66;29;28;14;3;7;6;0;0;12;0;0;0;0;39;87;125;24;110;301;24;18;0
202012;11010204;11;01;02;04;2;2976;1486;1490;52;79;80;151;46;55;60;104;108;92;50;122;85;137;90;147;316;261;191;174;123;120;78;51;50;38;56;26;22;6;3;3;52;356;469;122;222;1302;249;170;34
202012;11010205;11;01;02;05;2;2377;1204;1173;28;55;47;111;43;47;33;100;95;88;45;117;69;94;83;103;180;219;174;149;128;87;69;44;33;44;31;21;34;0;6;0;28;256;408;117;163;1036;200;129;40
202012;11010206;11;01;02;06;2;1733;867;866;21;43;36;79;34;30;28;56;41;42;32;52;46;103;73;125;183;164;127;74;93;81;30;15;25;9;37;27;15;6;6;0;21;192;229;52;149;839;126;98;27
202012;11010207;11;01;02;07;2;2212;1187;1025;35;51;60;130;55;34;42;71;67;60;27;70;57;148;94;135;245;213;158;127;52;75;53;21;22;28;31;16;18;14;3;0;35;296;301;70;205;1024;149;97;35
202012;11010308;11;01;03;08;2;3570;1751;1819;52;64;63;166;78;66;74;139;125;120;63;152;76;160;106;177;329;310;250;226;203;174;96;50;45;47;42;55;23;27;9;3;52;371;587;152;236;1601;320;189;62
202012;11010309;11;01;03;09;2;2768;1444;1324;37;62;67;140;52;59;64;93;96;86;36;115;90;138;88;152;254;232;201;153;139;136;58;37;33;46;24;25;38;11;6;0;37;321;434;115;228;1219;231;128;55
202012;11010310;11;01;03;10;2;1267;675;592;32;33;18;49;28;18;15;30;36;27;18;52;23;87;62;103;146;124;77;43;49;41;23;25;19;21;26;21;6;6;9;0;32;128;144;52;110;604;89;87;21
202012;11020411;11;02;04;11;2;3074;1567;1507;54;72;89;177;58;86;74;116;121;74;40;119;75;148;130;236;391;310;183;157;145;66;36;13;10;16;27;25;19;3;4;0;54;396;511;119;223;1552;115;78;26
202012;11020412;11;02;04;12;2;1616;903;713;31;39;25;52;29;28;17;55;36;37;18;68;37;138;80;84;179;129;155;86;64;77;31;26;9;15;16;24;19;6;6;0;31;145;191;68;175;777;134;64;31
202012;11020513;11;02;05;13;2;819;409;410;12;21;21;31;12;27;21;52;37;51;6;39;34;29;19;47;84;77;37;32;15;9;16;10;6;0;15;26;12;6;15;0;12;85;194;39;63;311;35;47;33
202012;11020514;11;02;05;14;2;2655;1434;1221;63;69;61;135;42;34;49;70;84;76;32;100;90;172;116;225;373;258;183;127;98;62;25;26;6;12;12;26;13;10;3;3;63;307;345;100;262;1380;113;56;29
202012;11020515;11;02;05;15;2;4494;2224;2270;61;95;104;183;83;80;93;173;121;124;67;172;148;250;132;299;486;399;317;281;203;197;92;46;42;51;47;68;43;24;10;3;61;465;658;172;398;2117;335;208;80
202012;11020516;11;02;05;16;2;844;434;410;10;30;28;33;17;15;10;28;28;18;9;24;23;35;33;44;101;80;65;54;34;42;22;3;3;10;9;18;6;6;6;0;10;108;108;24;58;411;67;40;18
202012;11030617;11;03;06;17;2;2198;1124;1074;36;50;29;75;37;36;48;79;69;56;26;81;74;115;97;152;267;199;142;149;91;85;51;20;15;9;30;26;39;6;9;0;36;191;314;81;189;1097;156;80;54
202012;11030618;11;03;06;18;2;4960;2553;2407;69;83;75;130;66;50;62;91;118;95;41;145;220;470;293;449;655;451;304;261;165;195;82;33;38;56;53;88;73;36;7;6;69;354;457;145;690;2578;310;235;122
202012;11030619;11;03;06;19;2;3811;1958;1853;49;76;81;128;69;52;49;116;87;89;46;108;83;227;162;275;502;381;279;225;215;130;92;60;48;42;46;35;42;6;11;0;49;354;439;108;310;2039;282;171;59
202012;11030720;11;03;07;20;2;3600;2376;1224;38;47;45;62;34;22;36;48;43;33;11;43;121;418;282;398;550;355;296;194;209;130;59;36;13;31;9;12;9;6;10;0;38;188;193;43;539;2284;225;65;25
202012;11030721;11;03;07;21;2;6832;3562;3270;126;100;101;214;95;87;66;137;135;118;65;148;168;593;398;625;924;689;502;373;311;256;177;83;64;59;61;67;47;30;10;3;126;510;608;148;761;3822;516;251;90
202012;11030824;11;03;08;24;2;3763;1928;1835;43;66;65;118;61;55;50;92;106;96;39;109;114;346;221;284;456;314;249;177;169;174;91;35;24;41;56;44;49;19;0;0;43;310;438;109;460;1870;300;165;68
202012;11040925;11;04;09;25;2;1043;525;518;13;24;24;49;22;7;16;15;6;9;3;31;28;56;59;94;198;128;85;52;43;37;13;3;9;3;3;10;3;0;0;0;13;119;56;31;84;659;53;25;3
202012;11040926;11;04;09;26;2;7406;3797;3609;133;141;158;231;98;103;88;163;137;145;64;170;160;494;390;682;1246;844;576;410;241;226;104;54;69;93;74;53;40;16;3;0;133;628;700;170;654;4389;384;289;59
202012;11041022;11;04;10;22;2;2133;1171;962;38;31;37;28;28;29;24;41;59;47;18;72;52;162;134;202;342;192;146;124;88;72;26;24;21;36;10;24;17;9;0;0;38;124;218;72;214;1228;122;91;26
202012;11041023;11;04;10;23;2;2506;1283;1223;46;61;58;113;39;33;37;88;76;71;38;88;53;142;102;175;313;231;193;123;117;94;49;31;28;15;23;21;23;25;0;0;46;271;343;88;195;1254;174;87;48
202012;11041027;11;04;10;27;2;995;512;483;9;20;10;38;16;15;19;27;24;22;12;37;35;57;42;80;129;98;75;40;47;57;9;15;7;12;18;6;6;6;4;3;9;84;119;37;92;511;81;43;19
202012;11041128;11;04;11;28;2;7772;3818;3954;135;172;177;299;122;107;98;182;161;142;84;236;221;624;431;737;858;727;459;377;276;300;151;81;83;63;102;146;118;65;28;10;135;770;774;236;845;3865;532;394;221
202012;11051229;11;05;12;29;2;962;470;492;19;22;32;54;24;15;12;46;25;31;3;35;31;40;37;64;114;95;88;49;49;23;15;3;3;3;0;12;6;12;0;0;19;132;132;35;71;496;41;18;18
202012;11051330;11;05;13;30;2;2345;1352;993;39;46;58;79;31;27;24;31;32;33;12;38;48;290;244;344;319;234;96;86;58;42;15;12;15;18;15;19;24;13;3;0;39;214;159;38;338;1381;69;67;40
202012;11051331;11;05;13;31;2;1410;731;679;21;31;33;52;18;30;25;43;33;45;21;38;28;86;55;84;180;98;123;85;49;66;28;21;6;13;16;34;24;18;6;0;21;134;197;38;114;674;115;69;48
202012;11051332;11;05;13;32;2;1088;533;555;12;10;13;45;19;15;27;42;38;33;18;32;28;63;45;89;121;110;88;78;62;24;12;3;11;13;6;19;9;3;0;0;12;87;173;32;91;593;39;49;12
202012;12103115;12;10;31;15;2;3446;1800;1646;61;59;43;115;27;57;37;80;79;67;28;90;76;187;138;223;362;286;297;280;214;183;97;51;50;45;94;59;46;9;3;3;61;244;348;90;263;1800;331;248;61
202012;12103116;12;10;31;16;2;5025;2668;2357;72;84;82;155;85;73;81;136;132;160;88;201;162;262;189;304;522;442;392;384;304;241;106;47;60;70;106;40;28;11;6;0;72;406;670;201;424;2537;394;276;45
202012;12103117;12;10;31;17;2;6043;3153;2890;82;107;120;200;90;93;73;177;148;152;79;235;176;290;228;406;660;554;448;401;339;317;139;97;83;98;133;52;45;17;4;0;82;517;722;235;466;3036;553;366;66
202012;12103218;12;10;32;18;2;6520;3458;3062;71;114;94;206;91;92;96;179;154;142;73;210;185;440;298;484;709;568;433;411;410;334;152;98;58;107;153;64;69;19;3;3;71;505;736;210;625;3313;584;382;94
202012;12103219;12;10;32;19;2;4188;2193;1995;68;69;86;135;61;66;60;122;104;96;40;138;76;235;132;312;470;407;296;302;242;200;98;58;64;53;92;73;22;3;8;0;68;351;488;138;311;2161;356;282;33
202012;12103220;12;10;32;20;2;1515;795;720;27;34;28;53;16;13;12;28;34;36;18;28;32;65;54;91;177;145;124;80;110;83;43;25;30;35;45;26;17;3;0;3;27;131;141;28;97;781;151;136;23
202012;12214125;12;21;41;25;2;2612;1541;1071;32;44;40;75;31;40;34;68;69;69;18;89;57;132;101;146;254;235;256;216;179;130;55;33;35;36;83;21;30;4;0;0;32;190;298;89;189;1387;218;175;34
202012;12214126;12;21;41;26;2;3329;1648;1681;50;63;66;103;60;38;37;90;86;76;44;127;98;179;86;152;293;261;260;244;204;189;110;51;61;82;107;45;49;6;12;0;50;292;371;127;277;1500;350;295;67
202012;12214421;12;21;44;21;2;1099;589;510;15;21;25;28;18;26;3;37;21;28;12;31;18;64;33;79;115;111;83;88;62;71;40;12;14;12;21;7;4;0;0;0;15;92;127;31;82;571;123;54;4
202012;12214422;12;21;44;22;2;4990;2599;2391;58;88;92;156;79;82;88;127;140;164;82;231;167;284;194;252;443;417;365;322;317;246;122;81;58;78;118;72;48;16;3;0;58;415;683;231;451;2310;449;326;67
202012;12214423;12;21;44;23;2;2444;1256;1188;36;32;34;75;41;42;30;67;45;56;37;82;58;106;89;116;232;234;196;174;134;153;75;47;40;50;74;43;20;22;4;0;36;182;277;82;164;1175;275;207;46
202012;12214424;12;21;44;24;2;5976;3171;2805;77;100;96;183;106;98;75;169;176;137;97;209;218;369;205;335;585;495;474;437;391;322;129;79;76;96;105;70;49;15;0;3;77;485;752;209;587;2922;530;347;67
202012;12214527;12;21;45;27;2;2657;1303;1354;41;44;51;70;30;34;33;46;74;60;27;67;57;99;99;163;259;244;190;196;192;129;84;36;43;55;92;59;33;32;15;3;41;195;274;67;156;1343;249;249;83
202012;12214528;12;21;45;28;2;105;69;36;0;0;3;0;0;0;3;3;0;3;0;25;18;7;3;9;19;0;3;0;0;3;0;0;0;0;3;3;0;0;0;0;0;3;9;25;25;34;3;6;0
202012;12224229;12;22;42;29;2;854;407;447;6;14;12;25;12;15;16;28;19;42;18;57;39;18;9;31;49;32;64;64;84;56;26;13;18;10;31;21;19;3;3;0;6;63;138;57;57;333;95;80;25
202012;12224230;12;22;42;30;2;2584;1235;1349;18;43;39;96;37;42;31;96;88;99;35;118;79;98;60;76;152;164;174;179;208;158;65;54;67;81;101;68;43;12;3;0;18;215;391;118;177;1013;277;317;58
202012;12231101;12;23;11;01;2;2555;1256;1299;24;40;48;85;54;28;44;69;86;79;42;116;53;101;46;105;197;185;143;190;201;156;84;29;41;70;103;76;34;19;4;3;24;227;348;116;154;1067;269;290;60
202012;12231102;12;23;11;02;2;2307;1058;1249;30;25;52;87;36;42;45;78;84;86;31;125;54;73;44;63;112;154;162;185;119;180;78;40;47;56;84;80;31;13;8;3;30;200;366;125;127;839;298;267;55
202012;12301203;12;30;12;03;2;4760;2641;2119;55;64;78;148;68;50;68;118;121;96;34;135;168;295;192;324;461;425;357;336;290;235;129;74;73;102;111;91;34;19;9;0;55;358;487;135;463;2385;438;377;62
202012;12301204;12;30;12;04;2;1578;793;785;16;15;34;47;27;40;19;49;43;41;27;75;53;85;53;77;137;104;102;123;89;96;52;14;15;23;52;33;19;15;3;0;16;123;219;75;138;685;162;123;37
202012;12301205;12;30;12;05;2;983;495;488;17;18;16;37;15;12;15;27;27;29;16;39;32;62;22;41;74;67;76;77;85;40;24;21;6;25;29;16;9;6;3;0;17;86;126;39;94;442;85;76;18
202012;12301206;12;30;12;06;2;884;441;443;12;3;15;33;12;19;18;41;37;34;23;42;12;29;16;26;43;80;73;76;45;46;22;21;19;21;42;12;9;0;3;0;12;63;172;42;41;359;89;94;12
202012;12302107;12;30;21;07;2;1320;674;646;12;15;21;48;15;12;18;42;39;40;15;63;36;63;32;60;96;97;89;105;107;84;32;15;30;36;38;28;28;4;0;0;12;99;166;63;99;586;131;132;32
202012;12302108;12;30;21;08;2;6741;3377;3364;100;128;103;265;122;139;153;229;238;257;134;387;217;311;184;297;534;490;516;470;388;319;150;82;91;111;148;97;55;19;0;7;100;618;1150;387;528;2879;551;447;81
202012;12302109;12;30;21;09;2;6118;3075;3043;85;114;114;246;127;125;111;266;242;250;115;323;185;251;129;266;483;500;481;411;336;298;156;76;72;105;91;73;48;33;6;0;85;601;1109;323;436;2606;530;341;87
202012;12302110;12;30;21;10;2;6157;3133;3024;83;97;121;208;144;111;122;279;298;246;126;337;239;298;153;270;489;435;425;413;381;279;138;88;75;74;106;62;27;19;7;7;83;570;1182;337;537;2566;505;317;60
202012;12302211;12;30;22;11;2;991;496;495;9;13;12;22;16;6;9;18;12;21;18;40;20;52;29;47;94;58;44;77;77;88;42;27;24;25;40;16;16;10;3;6;9;63;84;40;72;426;157;105;35
202012;12302212;12;30;22;12;2;2958;1529;1429;43;74;70;137;64;67;70;120;122;102;69;145;114;143;81;133;216;251;221;181;146;127;54;38;33;47;43;19;12;13;3;0;43;345;550;145;257;1229;219;142;28
202012;12304313;12;30;43;13;2;1868;977;891;35;25;43;65;26;24;22;39;42;32;34;48;36;115;97;151;195;139;142;127;117;93;54;23;32;30;45;24;10;3;0;0;35;159;193;48;151;968;170;131;13
202012;12304314;12;30;43;14;2;1570;730;840;12;25;21;36;18;12;21;52;40;41;13;50;19;77;44;94;129;134;116;123;118;99;37;23;39;42;51;57;18;6;3;0;12;100;179;50;96;758;159;189;27
